Workbook

Sheet 17-18
A1: number | B1: team | C1: matches | D1: wins | E1: draws | F1: loses | G1: goals | H1: ga | I1: points | J1: xG | K1: xGA | L1: xPTS
A2: 1 | B2: Manchester City | C2: 38 | D2: 32 | E2: 4 | F2: 2 | G2: 106 | H2: 27 | I2: 100 | J2: 91.43 | K2: 24.51 | L2: 91.09
A3: 2 | B3: Manchester United | C3: 38 | D3: 25 | E3: 6 | F3: 7 | G3: 68 | H3: 28 | I3: 81 | J3: 59.04 | K3: 43.54 | L3: 62.33
A4: 3 | B4: Tottenham | C4: 38 | D4: 23 | E4: 8 | F4: 7 | G4: 74 | H4: 36 | I4: 77 | J4: 68.91 | K4: 35.86 | L4: 76.02
A5: 4 | B5: Liverpool | C5: 38 | D5: 21 | E5: 12 | F5: 5 | G5: 84 | H5: 38 | I5: 75 | J5: 77.49 | K5: 35.75 | L5: 79.38
A6: 5 | B6: Chelsea | C6: 38 | D6: 21 | E6: 7 | F6: 10 | G6: 62 | H6: 38 | I6: 70 | J6: 59.16 | K6: 34.03 | L6: 68.46
A7: 6 | B7: Arsenal | C7: 38 | D7: 19 | E7: 6 | F7: 13 | G7: 74 | H7: 51 | I7: 63 | J7: 72.27 | K7: 48.75 | L7: 65.9
A8: 7 | B8: Burnley | C8: 38 | D8: 14 | E8: 12 | F8: 12 | G8: 36 | H8: 39 | I8: 54 | J8: 32.77 | K8: 52.16 | L8: 41
A9: 8 | B9: Everton | C9: 38 | D9: 13 | E9: 10 | F9: 15 | G9: 44 | H9: 58 | I9: 49 | J9: 43.71 | K9: 55.5 | L9: 47
A10: 9 | B10: Leicester | C10: 38 | D10: 12 | E10: 11 | F10: 15 | G10: 56 | H10: 60 | I10: 47 | J10: 50.29 | K10: 49.36 | L10: 55.85
A11: 10 | B11: Newcastle United | C11: 38 | D11: 12 | E11: 8 | F11: 18 | G11: 39 | H11: 47 | I11: 44 | J11: 44.63 | K11: 52.47 | L11: 46.24
A12: 11 | B12: Crystal Palace | C12: 38 | D12: 11 | E12: 11 | F12: 16 | G12: 45 | H12: 55 | I12: 44 | J12: 56.75 | K12: 53.54 | L12: 58.03
A13: 12 | B13: Bournemouth | C13: 38 | D13: 11 | E13: 11 | F13: 16 | G13: 45 | H13: 61 | I13: 44 | J13: 39.99 | K13: 64.93 | L13: 37.64
... A21: 20 | B21: West Bromwich Albion | C21: 38 | D21: 6 | E21: 13 | F21: 19 | G21: 31 | H21: 56 | I21: 31 | J21: 35.18 | K21: 48.99 | L21: 42.96

Sheet 18-19 First 5
A1: number | B1: team | C1: matches | D1: wins | E1: draws | F1: loses | G1: goals | H1: ga | I1: points | J1: xG | K1: xGA | L1: xPTS
A2: 1 | B2: Manchester City | C2: 5 | D2: 4 | E2: 1 | F2: 0 | G2: 16 | H2: 2 | I2: 13 | J2: 11.92 | K2: 2.76 | L2: 12.62
A3: 2 | B3: Manchester United | C3: 5 | D3: 4 | E3: 1 | F3: 0 | G3: 16 | H3: 2 | I3: 13 | J3: 14.04 | K3: 4.16 | L3: 12.73
A4: 3 | B4: Chelsea | C4: 5 | D4: 3 | E4: 1 | F4: 1 | G4: 8 | H4: 5 | I4: 10 | J4: 5.16 | K4: 4.39 | L4: 7.34
A5: 4 | B5: Newcastle United | C5: 5 | D5: 3 | E5: 0 | F5: 2 | G5: 6 | H5: 4 | I5: 9 | J5: 8.06 | K5: 5.33 | L5: 8.72
A6: 5 | B6: Tottenham | C6: 5 | D6: 2 | E6: 2 | F6: 1 | G6: 7 | H6: 3 | I6: 8 | J6: 8.77 | K6: 3.45 | L6: 10.64
A7: 6 | B7: Huddersfield | C7: 5 | D7: 2 | E7: 2 | F7: 1 | G7: 5 | H7: 3 | I7: 8 | J7: 4.56 | K7: 5.95 | L7: 5.56
A8: 7 | B8: Burnley | C8: 5 | D8: 2 | E8: 2 | F8: 1 | G8: 6 | H8: 5 | I8: 8 | J8: 3.37 | K8: 8.28 | L8: 3.55
A9: 8 | B9: Liverpool | C9: 5 | D9: 2 | E9: 2 | F9: 1 | G9: 9 | H9: 9 | I9: 8 | J9: 11.78 | K9: 6.87 | L9: 10.1
A10: 9 | B10: Southampton | C10: 5 | D10: 2 | E10: 2 | F10: 1 | G10: 4 | H10: 4 | I10: 8 | J10: 6.6 | K10: 6.07 | L10: 6.97
A11: 10 | B11: West Bromwich Albion | C11: 5 | D11: 2 | E11: 2 | F11: 1 | G11: 4 | H11: 4 | I11: 8 | J11: 4.36 | K11: 3.4 | L11: 7.74
A12: 11 | B12: Watford | C12: 5 | D12: 2 | E12: 2 | F12: 1 | G12: 7 | H12: 9 | I12: 8 | J12: 6.02 | K12: 8.66 | L12: 5.68
A13: 12 | B13: Arsenal | C13: 5 | D13: 2 | E13: 1 | F13: 2 | G13: 7 | H13: 8 | I13: 7 | J13: 8.34 | K13: 6.96 | L13: 8.72
... A21: 20 | B21: Crystal Palace | C21: 5 | D21: 0 | E21: 0 | F21: 5 | G21: 0 | H21: 8 | I21: 0 | J21: 6.3 | K21: 7.1 | L21: 6.56

Sheet 18-19 First 10
A1: number | B1: team | C1: matches | D1: wins | E1: draws | F1: loses | G1: goals | H1: ga | I1: points | J1: xG | K1: xGA | L1: xPTS
A2: 1 | B2: Manchester City | C2: 10 | D2: 9 | E2: 1 | F2: 0 | G2: 35 | H2: 6 | I2: 28 | J2: 29.81 | K2: 6.23 | L2: 25.68
A3: 2 | B3: Manchester United | C3: 10 | D3: 7 | E3: 2 | F3: 1 | G3: 23 | H3: 4 | I3: 23 | J3: 20.57 | K3: 9.49 | L3: 19.61
A4: 3 | B4: Tottenham | C4: 10 | D4: 6 | E4: 2 | F4: 2 | G4: 19 | H4: 7 | I4: 20 | J4: 17.45 | K4: 6.11 | L4: 21.97
A5: 4 | B5: Chelsea | C5: 10 | D5: 6 | E5: 1 | F5: 3 | G5: 18 | H5: 10 | I5: 19 | J5: 11.89 | K5: 9.99 | L5: 15.14
A6: 5 | B6: Arsenal | C6: 10 | D6: 6 | E6: 1 | F6: 3 | G6: 19 | H6: 13 | I6: 19 | J6: 20.44 | K6: 11.39 | L6: 20.07
A7: 6 | B7: Liverpool | C7: 10 | D7: 4 | E7: 4 | F7: 2 | G7: 17 | H7: 16 | I7: 16 | J7: 20.09 | K7: 12.94 | L7: 19.09
A8: 7 | B8: Burnley | C8: 10 | D8: 4 | E8: 4 | F8: 2 | G8: 9 | H8: 9 | I8: 16 | J8: 6 | K8: 14.59 | L8: 8.69
A9: 8 | B9: Watford | C9: 10 | D9: 4 | E9: 3 | F9: 3 | G9: 15 | H9: 18 | I9: 15 | J9: 13.47 | K9: 15.66 | L9: 12.81
A10: 9 | B10: Newcastle United | C10: 10 | D10: 4 | E10: 2 | F10: 4 | G10: 10 | H10: 9 | I10: 14 | J10: 11.45 | K10: 10.79 | L10: 13.64
A11: 10 | B11: Southampton | C11: 10 | D11: 3 | E11: 4 | F11: 3 | G11: 9 | H11: 10 | I11: 13 | J11: 13.11 | K11: 12.78 | L11: 13.6
A12: 11 | B12: Leicester | C12: 10 | D12: 3 | E12: 3 | F12: 4 | G12: 14 | H12: 14 | I12: 12 | J12: 14.23 | K12: 11.76 | L12: 16.68
A13: 12 | B13: Brighton | C13: 10 | D13: 3 | E13: 3 | F13: 4 | G13: 10 | H13: 11 | I13: 12 | J13: 8.06 | K13: 12.71 | L13: 10.54
... A21: 20 | B21: Crystal Palace | C21: 10 | D21: 1 | E21: 1 | F21: 8 | G21: 4 | H21: 21 | I21: 4 | J21: 12.16 | K21: 17.96 | L21: 13.04

Sheet 18-19 First 15
A1: number | B1: team | C1: matches | D1: wins | E1: draws | F1: loses | G1: goals | H1: ga | I1: points | J1: xG | K1: xGA | L1: xPTS
A2: 1 | B2: Manchester City | C2: 15 | D2: 14 | E2: 1 | F2: 0 | G2: 46 | H2: 10 | I2: 43 | J2: 41.13 | K2: 9.39 | L2: 38.17
A3: 2 | B3: Manchester United | C3: 15 | D3: 11 | E3: 2 | F3: 2 | G3: 35 | H3: 9 | I3: 35 | J3: 29.12 | K3: 18.52 | L3: 26.72
A4: 3 | B4: Chelsea | C4: 15 | D4: 10 | E4: 2 | F4: 3 | G4: 28 | H4: 12 | I4: 32 | J4: 21.57 | K4: 13.42 | L4: 26.05
A5: 4 | B5: Liverpool | C5: 15 | D5: 8 | E5: 5 | F5: 2 | G5: 33 | H5: 19 | I5: 29 | J5: 30.9 | K5: 17.88 | L5: 30.04
A6: 5 | B6: Arsenal | C6: 15 | D6: 9 | E6: 1 | F6: 5 | G6: 29 | H6: 19 | I6: 28 | J6: 33.5 | K6: 17.08 | L6: 30.86
A7: 6 | B7: Tottenham | C7: 15 | D7: 7 | E7: 4 | F7: 4 | G7: 23 | H7: 13 | I7: 25 | J7: 24.24 | K7: 11.44 | L7: 30.21
A8: 7 | B8: Burnley | C8: 15 | D8: 7 | E8: 4 | F8: 4 | G8: 14 | H8: 12 | I8: 25 | J8: 9.96 | K8: 20.09 | L8: 14.1
A9: 8 | B9: Watford | C9: 15 | D9: 6 | E9: 4 | F9: 5 | G9: 25 | H9: 26 | I9: 22 | J9: 20.47 | K9: 22.95 | L9: 19.05
A10: 9 | B10: Leicester | C10: 15 | D10: 5 | E10: 5 | F10: 5 | G10: 20 | H10: 20 | I10: 20 | J10: 18.72 | K10: 19.46 | L10: 21.58
A11: 10 | B11: Everton | C11: 15 | D11: 5 | E11: 3 | F11: 7 | G11: 19 | H11: 28 | I11: 18 | J11: 16.85 | K11: 22.42 | L11: 18.18
A12: 11 | B12: Southampton | C12: 15 | D12: 4 | E12: 5 | F12: 6 | G12: 15 | H12: 18 | I12: 17 | J12: 19.14 | K12: 17.89 | L12: 21.37
A13: 12 | B13: Brighton | C13: 15 | D13: 4 | E13: 5 | F13: 6 | G13: 14 | H13: 19 | I13: 17 | J13: 12.13 | K13: 19.02 | L13: 15.1
... A21: 20 | B21: Swansea | C21: 15 | D21: 2 | E21: 3 | F21: 10 | G21: 8 | H21: 18 | I21: 9 | J21: 10.97 | K21: 21.8 | L21: 13.89

Sheet 18-19 First 20
A1: number | B1: team | C1: matches | D1: wins | E1: draws | F1: loses | G1: goals | H1: ga | I1: points | J1: xG | K1: xGA | L1: xPTS
A2: 1 | B2: Manchester City | C2: 20 | D2: 19 | E2: 1 | F2: 0 | G2: 61 | H2: 12 | I2: 58 | J2: 54.37 | K2: 12.11 | L2: 50.87
A3: 2 | B3: Manchester United | C3: 20 | D3: 13 | E3: 4 | F3: 3 | G3: 43 | H3: 16 | I3: 43 | J3: 36.66 | K3: 24.79 | L3: 34.44
A4: 3 | B4: Chelsea | C4: 20 | D4: 13 | E4: 3 | F4: 4 | G4: 34 | H4: 14 | I4: 42 | J4: 29.94 | K4: 15.69 | L4: 37.63
A5: 4 | B5: Liverpool | C5: 20 | D5: 10 | E5: 8 | F5: 2 | G5: 46 | H5: 23 | I5: 38 | J5: 43.3 | K5: 21.17 | L5: 42.57
A6: 5 | B6: Tottenham | C6: 20 | D6: 11 | E6: 4 | F6: 5 | G6: 39 | H6: 20 | I6: 37 | J6: 36.71 | K6: 17.41 | L6: 41.42
A7: 6 | B7: Arsenal | C7: 20 | D7: 11 | E7: 4 | F7: 5 | G7: 37 | H7: 25 | I7: 37 | J7: 40.12 | K7: 22.19 | L7: 38.69
A8: 7 | B8: Burnley | C8: 20 | D8: 9 | E8: 6 | F8: 5 | G8: 18 | H8: 17 | I8: 33 | J8: 13.08 | K8: 28.44 | L8: 17.58
A9: 8 | B9: Leicester | C9: 20 | D9: 7 | E9: 6 | F9: 7 | G9: 30 | H9: 30 | I9: 27 | J9: 25.28 | K9: 27.39 | L9: 27.37
A10: 9 | B10: Everton | C10: 20 | D10: 7 | E10: 6 | F10: 7 | G10: 24 | H10: 30 | I10: 27 | J10: 21.82 | K10: 28.69 | L10: 24.36
A11: 10 | B11: Watford | C11: 20 | D11: 7 | E11: 4 | F11: 9 | G11: 29 | H11: 35 | I11: 25 | J11: 26.01 | K11: 30.99 | L11: 24.9
A12: 11 | B12: Huddersfield | C12: 20 | D12: 6 | E12: 5 | F12: 9 | G12: 18 | H12: 32 | I12: 23 | J12: 19.27 | K12: 27.89 | L12: 21.19
A13: 12 | B13: Brighton | C13: 20 | D13: 5 | E13: 6 | F13: 9 | G13: 15 | H13: 25 | I13: 21 | J13: 16.06 | K13: 28.37 | L13: 18.71
... A21: 20 | B21: Swansea | C21: 20 | D21: 3 | E21: 4 | F21: 13 | G21: 11 | H21: 31 | I21: 13 | J21: 14.16 | K21: 31.96 | L21: 17.07

Sheet Sheet1
A1: Team | B1: 17-18 GD/Game | C1: 18-19 GD/Game 5 | D1: 18-19 GD/Game 10 | E1: 18-19 GD/Game 15 | F1: 18-19 GD/Game 20 | G1: Final Rank | H1: Rank 17-18 | I1: Rank 5 | J1: Rank 10 | K1: Rank 15 | L1: Rank 20 | M1: Error 17-18 | N1: Error 5 | O1: Error 10 | P1: Error 15 | Q1: Error 20 | R1: Sq Error 17-18 | S1: Sq Error 5 | T1: Sq Error 10 | U1: Sq Error 15 | V1: Sq Error 20 | X1: Games | Y1: Current MAE | Z1: Current RMSE | AA1: Last Season MAE | AB1: Last Season RMSE
A2: Manchester City | B2: =IFERROR((VLOOKUP($A2,'17-18'!$B:$L,6,FALSE)-VLOOKUP($A2,'17-18'!$B:$L,7,FALSE))/VLOOKUP($A2,'17-18'!$B:$L,2,FALSE),"") -> 2.0789474 | C2: =IFERROR((VLOOKUP($A2,'18-19 First 5'!$B:$L,6,FALSE)-VLOOKUP($A2,'18-19 First 5'!$B:$L,7,FALSE))/VLOOKUP($A2,'18-19 First 5'!$B:$L,2,FALSE),"") -> 2.8 | D2: =IFERROR((VLOOKUP($A2,'18-19 First 10'!$B:$L,6,FALSE)-VLOOKUP($A2,'18-19 First 10'!$B:$L,7,FALSE))/VLOOKUP($A2,'18-19 First 10'!$B:$L,2,FALSE),"") -> 2.9 | E2: =IFERROR((VLOOKUP($A2,'18-19 First 15'!$B:$L,6,FALSE)-VLOOKUP($A2,'18-19 First 15'!$B:$L,7,FALSE))/VLOOKUP($A2,'18-19 First 15'!$B:$L,2,FALSE),"") -> 2.4 | F2: =IFERROR((VLOOKUP($A2,'18-19 First 20'!$B:$L,6,FALSE)-VLOOKUP($A2,'18-19 First 20'!$B:$L,7,FALSE))/VLOOKUP($A2,'18-19 First 20'!$B:$L,2,FALSE),"") -> 2.45 | G2: 1 | H2: =IFERROR(RANK(B2,$B$2:$B$21,0),"") -> 1 | I2: =IFERROR(RANK(C2,$C$2:$C$21,0),"") -> 1 | J2: =IFERROR(RANK(D2,$D$2:$D$21,0),"") -> 1 | K2: =IFERROR(RANK(E2,$E$2:$E$21,0),"") -> 1 | L2: =IFERROR(RANK(F2,$F$2:$F$21,0),"") -> 1 | M2: =IFERROR(ABS(H2-$G2),"") -> 0 | N2: =IFERROR(ABS(I2-$G2),"") -> 0 | O2: =IFERROR(ABS(J2-$G2),"") -> 0 | P2: =IFERROR(ABS(K2-$G2),"") -> 0 | Q2: =IFERROR(ABS(L2-$G2),"") -> 0 | R2: =IFERROR(M2^2,"") -> 0 | S2: =IFERROR(N2^2,"") -> 0 | T2: =IFERROR(O2^2,"") -> 0 | U2: =IFERROR(P2^2,"") -> 0 | V2: =IFERROR(Q2^2,"") -> 0 | X2: 5 | Y2: =AVERAGE(N$2:N$21) -> 6.4 | Z2: =SQRT(AVERAGE(S$2:S$21)) -> 7.6746335 | AA2: =AVERAGE($M$2:$M$21) -> 4.75 | AB2: =SQRT(AVERAGE($R$2:$R$21)) -> 7.64526
A3: Manchester United | B3: =IFERROR((VLOOKUP($A3,'17-18'!$B:$L,6,FALSE)-VLOOKUP($A3,'17-18'!$B:$L,7,FALSE))/VLOOKUP($A3,'17-18'!$B:$L,2,FALSE),"") -> 1.0526316 | C3: =IFERROR((VLOOKUP($A3,'18-19 First 5'!$B:$L,6,FALSE)-VLOOKUP($A3,'18-19 First 5'!$B:$L,7,FALSE))/VLOOKUP($A3,'18-19 First 5'!$B:$L,2,FALSE),"") -> 2.8 | D3: =IFERROR((VLOOKUP($A3,'18-19 First 10'!$B:$L,6,FALSE)-VLOOKUP($A3,'18-19 First 10'!$B:$L,7,FALSE))/VLOOKUP($A3,'18-19 First 10'!$B:$L,2,FALSE),"") -> 1.9 | E3: =IFERROR((VLOOKUP($A3,'18-19 First 15'!$B:$L,6,FALSE)-VLOOKUP($A3,'18-19 First 15'!$B:$L,7,FALSE))/VLOOKUP($A3,'18-19 First 15'!$B:$L,2,FALSE),"") -> 1.7333333 | F3: =IFERROR((VLOOKUP($A3,'18-19 First 20'!$B:$L,6,FALSE)-VLOOKUP($A3,'18-19 First 20'!$B:$L,7,FALSE))/VLOOKUP($A3,'18-19 First 20'!$B:$L,2,FALSE),"") -> 1.35 | G3: 6 | H3: =IFERROR(RANK(B3,$B$2:$B$21,0),"") -> 3 | I3: =IFERROR(RANK(C3,$C$2:$C$21,0),"") -> 1 | J3: =IFERROR(RANK(D3,$D$2:$D$21,0),"") -> 2 | K3: =IFERROR(RANK(E3,$E$2:$E$21,0),"") -> 2 | L3: =IFERROR(RANK(F3,$F$2:$F$21,0),"") -> 2 | M3: =IFERROR(ABS(H3-$G3),"") -> 3 | N3: =IFERROR(ABS(I3-$G3),"") -> 5 | O3: =IFERROR(ABS(J3-$G3),"") -> 4 | P3: =IFERROR(ABS(K3-$G3),"") -> 4 | Q3: =IFERROR(ABS(L3-$G3),"") -> 4 | R3: =IFERROR(M3^2,"") -> 9 | S3: =IFERROR(N3^2,"") -> 25 | T3: =IFERROR(O3^2,"") -> 16 | U3: =IFERROR(P3^2,"") -> 16 | V3: =IFERROR(Q3^2,"") -> 16 | X3: 10 | Y3: =AVERAGE(O$2:O$21) -> 5.8 | Z3: =SQRT(AVERAGE(T$2:T$21)) -> 7.5365775 | AA3: =AVERAGE($M$2:$M$21) -> 4.75 | AB3: =SQRT(AVERAGE($R$2:$R$21)) -> 7.64526
A4: Chelsea | B4: =IFERROR((VLOOKUP($A4,'17-18'!$B:$L,6,FALSE)-VLOOKUP($A4,'17-18'!$B:$L,7,FALSE))/VLOOKUP($A4,'17-18'!$B:$L,2,FALSE),"") -> 0.63157895 | C4: =IFERROR((VLOOKUP($A4,'18-19 First 5'!$B:$L,6,FALSE)-VLOOKUP($A4,'18-19 First 5'!$B:$L,7,FALSE))/VLOOKUP($A4,'18-19 First 5'!$B:$L,2,FALSE),"") -> 0.6 | D4: =IFERROR((VLOOKUP($A4,'18-19 First 10'!$B:$L,6,FALSE)-VLOOKUP($A4,'18-19 First 10'!$B:$L,7,FALSE))/VLOOKUP($A4,'18-19 First 10'!$B:$L,2,FALSE),"") -> 0.8 | E4: =IFERROR((VLOOKUP($A4,'18-19 First 15'!$B:$L,6,FALSE)-VLOOKUP($A4,'18-19 First 15'!$B:$L,7,FALSE))/VLOOKUP($A4,'18-19 First 15'!$B:$L,2,FALSE),"") -> 1.0666667 | F4: =IFERROR((VLOOKUP($A4,'18-19 First 20'!$B:$L,6,FALSE)-VLOOKUP($A4,'18-19 First 20'!$B:$L,7,FALSE))/VLOOKUP($A4,'18-19 First 20'!$B:$L,2,FALSE),"") -> 1 | G4: 3 | H4: =IFERROR(RANK(B4,$B$2:$B$21,0),"") -> 5 | I4: =IFERROR(RANK(C4,$C$2:$C$21,0),"") -> 4 | J4: =IFERROR(RANK(D4,$D$2:$D$21,0),"") -> 4 | K4: =IFERROR(RANK(E4,$E$2:$E$21,0),"") -> 3 | L4: =IFERROR(RANK(F4,$F$2:$F$21,0),"") -> 4 | M4: =IFERROR(ABS(H4-$G4),"") -> 2 | N4: =IFERROR(ABS(I4-$G4),"") -> 1 | O4: =IFERROR(ABS(J4-$G4),"") -> 1 | P4: =IFERROR(ABS(K4-$G4),"") -> 0 | Q4: =IFERROR(ABS(L4-$G4),"") -> 1 | R4: =IFERROR(M4^2,"") -> 4 | S4: =IFERROR(N4^2,"") -> 1 | T4: =IFERROR(O4^2,"") -> 1 | U4: =IFERROR(P4^2,"") -> 0 | V4: =IFERROR(Q4^2,"") -> 1 | X4: 15 | Y4: =AVERAGE(P$2:P$21) -> 5.15 | Z4: =SQRT(AVERAGE(U$2:U$21)) -> 7.3382559 | AA4: =AVERAGE($M$2:$M$21) -> 4.75 | AB4: =SQRT(AVERAGE($R$2:$R$21)) -> 7.64526
A5: Liverpool | B5: =IFERROR((VLOOKUP($A5,'17-18'!$B:$L,6,FALSE)-VLOOKUP($A5,'17-18'!$B:$L,7,FALSE))/VLOOKUP($A5,'17-18'!$B:$L,2,FALSE),"") -> 1.2105263 | C5: =IFERROR((VLOOKUP($A5,'18-19 First 5'!$B:$L,6,FALSE)-VLOOKUP($A5,'18-19 First 5'!$B:$L,7,FALSE))/VLOOKUP($A5,'18-19 First 5'!$B:$L,2,FALSE),"") -> 0 | D5: =IFERROR((VLOOKUP($A5,'18-19 First 10'!$B:$L,6,FALSE)-VLOOKUP($A5,'18-19 First 10'!$B:$L,7,FALSE))/VLOOKUP($A5,'18-19 First 10'!$B:$L,2,FALSE),"") -> 0.1 | E5: =IFERROR((VLOOKUP($A5,'18-19 First 15'!$B:$L,6,FALSE)-VLOOKUP($A5,'18-19 First 15'!$B:$L,7,FALSE))/VLOOKUP($A5,'18-19 First 15'!$B:$L,2,FALSE),"") -> 0.93333333 | F5: =IFERROR((VLOOKUP($A5,'18-19 First 20'!$B:$L,6,FALSE)-VLOOKUP($A5,'18-19 First 20'!$B:$L,7,FALSE))/VLOOKUP($A5,'18-19 First 20'!$B:$L,2,FALSE),"") -> 1.15 | G5: 2 | H5: =IFERROR(RANK(B5,$B$2:$B$21,0),"") -> 2 | I5: =IFERROR(RANK(C5,$C$2:$C$21,0),"") -> 8 | J5: =IFERROR(RANK(D5,$D$2:$D$21,0),"") -> 6 | K5: =IFERROR(RANK(E5,$E$2:$E$21,0),"") -> 4 | L5: =IFERROR(RANK(F5,$F$2:$F$21,0),"") -> 3 | M5: =IFERROR(ABS(H5-$G5),"") -> 0 | N5: =IFERROR(ABS(I5-$G5),"") -> 6 | O5: =IFERROR(ABS(J5-$G5),"") -> 4 | P5: =IFERROR(ABS(K5-$G5),"") -> 2 | Q5: =IFERROR(ABS(L5-$G5),"") -> 1 | R5: =IFERROR(M5^2,"") -> 0 | S5: =IFERROR(N5^2,"") -> 36 | T5: =IFERROR(O5^2,"") -> 16 | U5: =IFERROR(P5^2,"") -> 4 | V5: =IFERROR(Q5^2,"") -> 1 | X5: 20 | Y5: =AVERAGE(Q$2:Q$21) -> 5 | Z5: =SQRT(AVERAGE(V$2:V$21)) -> 7.7588659 | AA5: =AVERAGE($M$2:$M$21) -> 4.75 | AB5: =SQRT(AVERAGE($R$2:$R$21)) -> 7.64526
A6: Tottenham | B6: =IFERROR((VLOOKUP($A6,'17-18'!$B:$L,6,FALSE)-VLOOKUP($A6,'17-18'!$B:$L,7,FALSE))/VLOOKUP($A6,'17-18'!$B:$L,2,FALSE),"") -> 1 | C6: =IFERROR((VLOOKUP($A6,'18-19 First 5'!$B:$L,6,FALSE)-VLOOKUP($A6,'18-19 First 5'!$B:$L,7,FALSE))/VLOOKUP($A6,'18-19 First 5'!$B:$L,2,FALSE),"") -> 0.8 | D6: =IFERROR((VLOOKUP($A6,'18-19 First 10'!$B:$L,6,FALSE)-VLOOKUP($A6,'18-19 First 10'!$B:$L,7,FALSE))/VLOOKUP($A6,'18-19 First 10'!$B:$L,2,FALSE),"") -> 1.2 | E6: =IFERROR((VLOOKUP($A6,'18-19 First 15'!$B:$L,6,FALSE)-VLOOKUP($A6,'18-19 First 15'!$B:$L,7,FALSE))/VLOOKUP($A6,'18-19 First 15'!$B:$L,2,FALSE),"") -> 0.66666667 | F6: =IFERROR((VLOOKUP($A6,'18-19 First 20'!$B:$L,6,FALSE)-VLOOKUP($A6,'18-19 First 20'!$B:$L,7,FALSE))/VLOOKUP($A6,'18-19 First 20'!$B:$L,2,FALSE),"") -> 0.95 | G6: 4 | H6: =IFERROR(RANK(B6,$B$2:$B$21,0),"") -> 4 | I6: =IFERROR(RANK(C6,$C$2:$C$21,0),"") -> 3 | J6: =IFERROR(RANK(D6,$D$2:$D$21,0),"") -> 3 | K6: =IFERROR(RANK(E6,$E$2:$E$21,0),"") -> 5 | L6: =IFERROR(RANK(F6,$F$2:$F$21,0),"") -> 5 | M6: =IFERROR(ABS(H6-$G6),"") -> 0 | N6: =IFERROR(ABS(I6-$G6),"") -> 1 | O6: =IFERROR(ABS(J6-$G6),"") -> 1 | P6: =IFERROR(ABS(K6-$G6),"") -> 1 | Q6: =IFERROR(ABS(L6-$G6),"") -> 1 | R6: =IFERROR(M6^2,"") -> 0 | S6: =IFERROR(N6^2,"") -> 1 | T6: =IFERROR(O6^2,"") -> 1 | U6: =IFERROR(P6^2,"") -> 1 | V6: =IFERROR(Q6^2,"") -> 1
A7: Arsenal | B7: =IFERROR((VLOOKUP($A7,'17-18'!$B:$L,6,FALSE)-VLOOKUP($A7,'17-18'!$B:$L,7,FALSE))/VLOOKUP($A7,'17-18'!$B:$L,2,FALSE),"") -> 0.60526316 | C7: =IFERROR((VLOOKUP($A7,'18-19 First 5'!$B:$L,6,FALSE)-VLOOKUP($A7,'18-19 First 5'!$B:$L,7,FALSE))/VLOOKUP($A7,'18-19 First 5'!$B:$L,2,FALSE),"") -> -0.2 | D7: =IFERROR((VLOOKUP($A7,'18-19 First 10'!$B:$L,6,FALSE)-VLOOKUP($A7,'18-19 First 10'!$B:$L,7,FALSE))/VLOOKUP($A7,'18-19 First 10'!$B:$L,2,FALSE),"") -> 0.6 | E7: =IFERROR((VLOOKUP($A7,'18-19 First 15'!$B:$L,6,FALSE)-VLOOKUP($A7,'18-19 First 15'!$B:$L,7,FALSE))/VLOOKUP($A7,'18-19 First 15'!$B:$L,2,FALSE),"") -> 0.66666667 | F7: =IFERROR((VLOOKUP($A7,'18-19 First 20'!$B:$L,6,FALSE)-VLOOKUP($A7,'18-19 First 20'!$B:$L,7,FALSE))/VLOOKUP($A7,'18-19 First 20'!$B:$L,2,FALSE),"") -> 0.6 | G7: 5 | H7: =IFERROR(RANK(B7,$B$2:$B$21,0),"") -> 6 | I7: =IFERROR(RANK(C7,$C$2:$C$21,0),"") -> 11 | J7: =IFERROR(RANK(D7,$D$2:$D$21,0),"") -> 5 | K7: =IFERROR(RANK(E7,$E$2:$E$21,0),"") -> 5 | L7: =IFERROR(RANK(F7,$F$2:$F$21,0),"") -> 6 | M7: =IFERROR(ABS(H7-$G7),"") -> 1 | N7: =IFERROR(ABS(I7-$G7),"") -> 6 | O7: =IFERROR(ABS(J7-$G7),"") -> 0 | P7: =IFERROR(ABS(K7-$G7),"") -> 0 | Q7: =IFERROR(ABS(L7-$G7),"") -> 1 | R7: =IFERROR(M7^2,"") -> 1 | S7: =IFERROR(N7^2,"") -> 36 | T7: =IFERROR(O7^2,"") -> 0 | U7: =IFERROR(P7^2,"") -> 0 | V7: =IFERROR(Q7^2,"") -> 1
A8: Burnley | B8: =IFERROR((VLOOKUP($A8,'17-18'!$B:$L,6,FALSE)-VLOOKUP($A8,'17-18'!$B:$L,7,FALSE))/VLOOKUP($A8,'17-18'!$B:$L,2,FALSE),"") -> -0.078947368 | C8: =IFERROR((VLOOKUP($A8,'18-19 First 5'!$B:$L,6,FALSE)-VLOOKUP($A8,'18-19 First 5'!$B:$L,7,FALSE))/VLOOKUP($A8,'18-19 First 5'!$B:$L,2,FALSE),"") -> 0.2 | D8: =IFERROR((VLOOKUP($A8,'18-19 First 10'!$B:$L,6,FALSE)-VLOOKUP($A8,'18-19 First 10'!$B:$L,7,FALSE))/VLOOKUP($A8,'18-19 First 10'!$B:$L,2,FALSE),"") -> 0 | E8: =IFERROR((VLOOKUP($A8,'18-19 First 15'!$B:$L,6,FALSE)-VLOOKUP($A8,'18-19 First 15'!$B:$L,7,FALSE))/VLOOKUP($A8,'18-19 First 15'!$B:$L,2,FALSE),"") -> 0.13333333 | F8: =IFERROR((VLOOKUP($A8,'18-19 First 20'!$B:$L,6,FALSE)-VLOOKUP($A8,'18-19 First 20'!$B:$L,7,FALSE))/VLOOKUP($A8,'18-19 First 20'!$B:$L,2,FALSE),"") -> 0.05 | G8: 15 | H8: =IFERROR(RANK(B8,$B$2:$B$21,0),"") -> 7 | I8: =IFERROR(RANK(C8,$C$2:$C$21,0),"") -> 7 | J8: =IFERROR(RANK(D8,$D$2:$D$21,0),"") -> 8 | K8: =IFERROR(RANK(E8,$E$2:$E$21,0),"") -> 7 | L8: =IFERROR(RANK(F8,$F$2:$F$21,0),"") -> 7 | M8: =IFERROR(ABS(H8-$G8),"") -> 8 | N8: =IFERROR(ABS(I8-$G8),"") -> 8 | O8: =IFERROR(ABS(J8-$G8),"") -> 7 | P8: =IFERROR(ABS(K8-$G8),"") -> 8 | Q8: =IFERROR(ABS(L8-$G8),"") -> 8 | R8: =IFERROR(M8^2,"") -> 64 | S8: =IFERROR(N8^2,"") -> 64 | T8: =IFERROR(O8^2,"") -> 49 | U8: =IFERROR(P8^2,"") -> 64 | V8: =IFERROR(Q8^2,"") -> 64
A9: Leicester | B9: =IFERROR((VLOOKUP($A9,'17-18'!$B:$L,6,FALSE)-VLOOKUP($A9,'17-18'!$B:$L,7,FALSE))/VLOOKUP($A9,'17-18'!$B:$L,2,FALSE),"") -> -0.10526316 | C9: =IFERROR((VLOOKUP($A9,'18-19 First 5'!$B:$L,6,FALSE)-VLOOKUP($A9,'18-19 First 5'!$B:$L,7,FALSE))/VLOOKUP($A9,'18-19 First 5'!$B:$L,2,FALSE),"") -> -0.4 | D9: =IFERROR((VLOOKUP($A9,'18-19 First 10'!$B:$L,6,FALSE)-VLOOKUP($A9,'18-19 First 10'!$B:$L,7,FALSE))/VLOOKUP($A9,'18-19 First 10'!$B:$L,2,FALSE),"") -> 0 | E9: =IFERROR((VLOOKUP($A9,'18-19 First 15'!$B:$L,6,FALSE)-VLOOKUP($A9,'18-19 First 15'!$B:$L,7,FALSE))/VLOOKUP($A9,'18-19 First 15'!$B:$L,2,FALSE),"") -> 0 | F9: =IFERROR((VLOOKUP($A9,'18-19 First 20'!$B:$L,6,FALSE)-VLOOKUP($A9,'18-19 First 20'!$B:$L,7,FALSE))/VLOOKUP($A9,'18-19 First 20'!$B:$L,2,FALSE),"") -> 0 | G9: 9 | H9: =IFERROR(RANK(B9,$B$2:$B$21,0),"") -> 8 | I9: =IFERROR(RANK(C9,$C$2:$C$21,0),"") -> 13 | J9: =IFERROR(RANK(D9,$D$2:$D$21,0),"") -> 8 | K9: =IFERROR(RANK(E9,$E$2:$E$21,0),"") -> 8 | L9: =IFERROR(RANK(F9,$F$2:$F$21,0),"") -> 8 | M9: =IFERROR(ABS(H9-$G9),"") -> 1 | N9: =IFERROR(ABS(I9-$G9),"") -> 4 | O9: =IFERROR(ABS(J9-$G9),"") -> 1 | P9: =IFERROR(ABS(K9-$G9),"") -> 1 | Q9: =IFERROR(ABS(L9-$G9),"") -> 1 | R9: =IFERROR(M9^2,"") -> 1 | S9: =IFERROR(N9^2,"") -> 16 | T9: =IFERROR(O9^2,"") -> 1 | U9: =IFERROR(P9^2,"") -> 1 | V9: =IFERROR(Q9^2,"") -> 1
A10: Everton | B10: =IFERROR((VLOOKUP($A10,'17-18'!$B:$L,6,FALSE)-VLOOKUP($A10,'17-18'!$B:$L,7,FALSE))/VLOOKUP($A10,'17-18'!$B:$L,2,FALSE),"") -> -0.36842105 | C10: =IFERROR((VLOOKUP($A10,'18-19 First 5'!$B:$L,6,FALSE)-VLOOKUP($A10,'18-19 First 5'!$B:$L,7,FALSE))/VLOOKUP($A10,'18-19 First 5'!$B:$L,2,FALSE),"") -> -1.6 | D10: =IFERROR((VLOOKUP($A10,'18-19 First 10'!$B:$L,6,FALSE)-VLOOKUP($A10,'18-19 First 10'!$B:$L,7,FALSE))/VLOOKUP($A10,'18-19 First 10'!$B:$L,2,FALSE),"") -> -1.3 | E10: =IFERROR((VLOOKUP($A10,'18-19 First 15'!$B:$L,6,FALSE)-VLOOKUP($A10,'18-19 First 15'!$B:$L,7,FALSE))/VLOOKUP($A10,'18-19 First 15'!$B:$L,2,FALSE),"") -> -0.6 | F10: =IFERROR((VLOOKUP($A10,'18-19 First 20'!$B:$L,6,FALSE)-VLOOKUP($A10,'18-19 First 20'!$B:$L,7,FALSE))/VLOOKUP($A10,'18-19 First 20'!$B:$L,2,FALSE),"") -> -0.3 | G10: 8 | H10: =IFERROR(RANK(B10,$B$2:$B$21,0),"") -> 11 | I10: =IFERROR(RANK(C10,$C$2:$C$21,0),"") -> 19 | J10: =IFERROR(RANK(D10,$D$2:$D$21,0),"") -> 19 | K10: =IFERROR(RANK(E10,$E$2:$E$21,0),"") -> 14 | L10: =IFERROR(RANK(F10,$F$2:$F$21,0),"") -> 9 | M10: =IFERROR(ABS(H10-$G10),"") -> 3 | N10: =IFERROR(ABS(I10-$G10),"") -> 11 | O10: =IFERROR(ABS(J10-$G10),"") -> 11 | P10: =IFERROR(ABS(K10-$G10),"") -> 6 | Q10: =IFERROR(ABS(L10-$G10),"") -> 1 | R10: =IFERROR(M10^2,"") -> 9 | S10: =IFERROR(N10^2,"") -> 121 | T10: =IFERROR(O10^2,"") -> 121 | U10: =IFERROR(P10^2,"") -> 36 | V10: =IFERROR(Q10^2,"") -> 1
A11: Watford | B11: =IFERROR((VLOOKUP($A11,'17-18'!$B:$L,6,FALSE)-VLOOKUP($A11,'17-18'!$B:$L,7,FALSE))/VLOOKUP($A11,'17-18'!$B:$L,2,FALSE),"") -> -0.52631579 | C11: =IFERROR((VLOOKUP($A11,'18-19 First 5'!$B:$L,6,FALSE)-VLOOKUP($A11,'18-19 First 5'!$B:$L,7,FALSE))/VLOOKUP($A11,'18-19 First 5'!$B:$L,2,FALSE),"") -> -0.4 | D11: =IFERROR((VLOOKUP($A11,'18-19 First 10'!$B:$L,6,FALSE)-VLOOKUP($A11,'18-19 First 10'!$B:$L,7,FALSE))/VLOOKUP($A11,'18-19 First 10'!$B:$L,2,FALSE),"") -> -0.3 | E11: =IFERROR((VLOOKUP($A11,'18-19 First 15'!$B:$L,6,FALSE)-VLOOKUP($A11,'18-19 First 15'!$B:$L,7,FALSE))/VLOOKUP($A11,'18-19 First 15'!$B:$L,2,FALSE),"") -> -0.066666667 | F11: =IFERROR((VLOOKUP($A11,'18-19 First 20'!$B:$L,6,FALSE)-VLOOKUP($A11,'18-19 First 20'!$B:$L,7,FALSE))/VLOOKUP($A11,'18-19 First 20'!$B:$L,2,FALSE),"") -> -0.3 | G11: 11 | H11: =IFERROR(RANK(B11,$B$2:$B$21,0),"") -> 14 | I11: =IFERROR(RANK(C11,$C$2:$C$21,0),"") -> 13 | J11: =IFERROR(RANK(D11,$D$2:$D$21,0),"") -> 12 | K11: =IFERROR(RANK(E11,$E$2:$E$21,0),"") -> 9 | L11: =IFERROR(RANK(F11,$F$2:$F$21,0),"") -> 9 | M11: =IFERROR(ABS(H11-$G11),"") -> 3 | N11: =IFERROR(ABS(I11-$G11),"") -> 2 | O11: =IFERROR(ABS(J11-$G11),"") -> 1 | P11: =IFERROR(ABS(K11-$G11),"") -> 2 | Q11: =IFERROR(ABS(L11-$G11),"") -> 2 | R11: =IFERROR(M11^2,"") -> 9 | S11: =IFERROR(N11^2,"") -> 4 | T11: =IFERROR(O11^2,"") -> 1 | U11: =IFERROR(P11^2,"") -> 4 | V11: =IFERROR(Q11^2,"") -> 4
A12: Huddersfield | B12: =IFERROR((VLOOKUP($A12,'17-18'!$B:$L,6,FALSE)-VLOOKUP($A12,'17-18'!$B:$L,7,FALSE))/VLOOKUP($A12,'17-18'!$B:$L,2,FALSE),"") -> -0.78947368 | C12: =IFERROR((VLOOKUP($A12,'18-19 First 5'!$B:$L,6,FALSE)-VLOOKUP($A12,'18-19 First 5'!$B:$L,7,FALSE))/VLOOKUP($A12,'18-19 First 5'!$B:$L,2,FALSE),"") -> 0.4 | D12: =IFERROR((VLOOKUP($A12,'18-19 First 10'!$B:$L,6,FALSE)-VLOOKUP($A12,'18-19 First 10'!$B:$L,7,FALSE))/VLOOKUP($A12,'18-19 First 10'!$B:$L,2,FALSE),"") -> -0.6 | E12: =IFERROR((VLOOKUP($A12,'18-19 First 15'!$B:$L,6,FALSE)-VLOOKUP($A12,'18-19 First 15'!$B:$L,7,FALSE))/VLOOKUP($A12,'18-19 First 15'!$B:$L,2,FALSE),"") -> -1.1333333 | F12: =IFERROR((VLOOKUP($A12,'18-19 First 20'!$B:$L,6,FALSE)-VLOOKUP($A12,'18-19 First 20'!$B:$L,7,FALSE))/VLOOKUP($A12,'18-19 First 20'!$B:$L,2,FALSE),"") -> -0.7 | G12: 20 | H12: =IFERROR(RANK(B12,$B$2:$B$21,0),"") -> 19 | I12: =IFERROR(RANK(C12,$C$2:$C$21,0),"") -> 5 | J12: =IFERROR(RANK(D12,$D$2:$D$21,0),"") -> 15 | K12: =IFERROR(RANK(E12,$E$2:$E$21,0),"") -> 18 | L12: =IFERROR(RANK(F12,$F$2:$F$21,0),"") -> 16 | M12: =IFERROR(ABS(H12-$G12),"") -> 1 | N12: =IFERROR(ABS(I12-$G12),"") -> 15 | O12: =IFERROR(ABS(J12-$G12),"") -> 5 | P12: =IFERROR(ABS(K12-$G12),"") -> 2 | Q12: =IFERROR(ABS(L12-$G12),"") -> 4 | R12: =IFERROR(M12^2,"") -> 1 | S12: =IFERROR(N12^2,"") -> 225 | T12: =IFERROR(O12^2,"") -> 25 | U12: =IFERROR(P12^2,"") -> 4 | V12: =IFERROR(Q12^2,"") -> 16
A13: Brighton | B13: =IFERROR((VLOOKUP($A13,'17-18'!$B:$L,6,FALSE)-VLOOKUP($A13,'17-18'!$B:$L,7,FALSE))/VLOOKUP($A13,'17-18'!$B:$L,2,FALSE),"") -> -0.52631579 | C13: =IFERROR((VLOOKUP($A13,'18-19 First 5'!$B:$L,6,FALSE)-VLOOKUP($A13,'18-19 First 5'!$B:$L,7,FALSE))/VLOOKUP($A13,'18-19 First 5'!$B:$L,2,FALSE),"") -> -0.6 | D13: =IFERROR((VLOOKUP($A13,'18-19 First 10'!$B:$L,6,FALSE)-VLOOKUP($A13,'18-19 First 10'!$B:$L,7,FALSE))/VLOOKUP($A13,'18-19 First 10'!$B:$L,2,FALSE),"") -> -0.1 | E13: =IFERROR((VLOOKUP($A13,'18-19 First 15'!$B:$L,6,FALSE)-VLOOKUP($A13,'18-19 First 15'!$B:$L,7,FALSE))/VLOOKUP($A13,'18-19 First 15'!$B:$L,2,FALSE),"") -> -0.33333333 | F13: =IFERROR((VLOOKUP($A13,'18-19 First 20'!$B:$L,6,FALSE)-VLOOKUP($A13,'18-19 First 20'!$B:$L,7,FALSE))/VLOOKUP($A13,'18-19 First 20'!$B:$L,2,FALSE),"") -> -0.5 | G13: 17 | H13: =IFERROR(RANK(B13,$B$2:$B$21,0),"") -> 14 | I13: =IFERROR(RANK(C13,$C$2:$C$21,0),"") -> 15 | J13: =IFERROR(RANK(D13,$D$2:$D$21,0),"") -> 10 | K13: =IFERROR(RANK(E13,$E$2:$E$21,0),"") -> 12 | L13: =IFERROR(RANK(F13,$F$2:$F$21,0),"") -> 11 | M13: =IFERROR(ABS(H13-$G13),"") -> 3 | N13: =IFERROR(ABS(I13-$G13),"") -> 2 | O13: =IFERROR(ABS(J13-$G13),"") -> 7 | P13: =IFERROR(ABS(K13-$G13),"") -> 5 | Q13: =IFERROR(ABS(L13-$G13),"") -> 6 | R13: =IFERROR(M13^2,"") -> 9 | S13: =IFERROR(N13^2,"") -> 4 | T13: =IFERROR(O13^2,"") -> 49 | U13: =IFERROR(P13^2,"") -> 25 | V13: =IFERROR(Q13^2,"") -> 36
A14: Stoke | B14: =IFERROR((VLOOKUP($A14,'17-18'!$B:$L,6,FALSE)-VLOOKUP($A14,'17-18'!$B:$L,7,FALSE))/VLOOKUP($A14,'17-18'!$B:$L,2,FALSE),"") -> -0.86842105 | C14: =IFERROR((VLOOKUP($A14,'18-19 First 5'!$B:$L,6,FALSE)-VLOOKUP($A14,'18-19 First 5'!$B:$L,7,FALSE))/VLOOKUP($A14,'18-19 First 5'!$B:$L,2,FALSE),"") -> -0.2 | D14: =IFERROR((VLOOKUP($A14,'18-19 First 10'!$B:$L,6,FALSE)-VLOOKUP($A14,'18-19 First 10'!$B:$L,7,FALSE))/VLOOKUP($A14,'18-19 First 10'!$B:$L,2,FALSE),"") -> -0.9 | E14: =IFERROR((VLOOKUP($A14,'18-19 First 15'!$B:$L,6,FALSE)-VLOOKUP($A14,'18-19 First 15'!$B:$L,7,FALSE))/VLOOKUP($A14,'18-19 First 15'!$B:$L,2,FALSE),"") -> -0.8 | F14: =IFERROR((VLOOKUP($A14,'18-19 First 20'!$B:$L,6,FALSE)-VLOOKUP($A14,'18-19 First 20'!$B:$L,7,FALSE))/VLOOKUP($A14,'18-19 First 20'!$B:$L,2,FALSE),"") -> -0.9 | H14: =IFERROR(RANK(B14,$B$2:$B$21,0),"") -> 20 | I14: =IFERROR(RANK(C14,$C$2:$C$21,0),"") -> 11 | J14: =IFERROR(RANK(D14,$D$2:$D$21,0),"") -> 17 | K14: =IFERROR(RANK(E14,$E$2:$E$21,0),"") -> 17 | L14: =IFERROR(RANK(F14,$F$2:$F$21,0),"") -> 19 | M14: =IFERROR(ABS(H14-$G14),"") -> 20 | N14: =IFERROR(ABS(I14-$G14),"") -> 11 | O14: =IFERROR(ABS(J14-$G14),"") -> 17 | P14: =IFERROR(ABS(K14-$G14),"") -> 17 | Q14: =IFERROR(ABS(L14-$G14),"") -> 19 | R14: =IFERROR(M14^2,"") -> 400 | S14: =IFERROR(N14^2,"") -> 121 | T14: =IFERROR(O14^2,"") -> 289 | U14: =IFERROR(P14^2,"") -> 289 | V14: =IFERROR(Q14^2,"") -> 361
A15: Southampton | B15: =IFERROR((VLOOKUP($A15,'17-18'!$B:$L,6,FALSE)-VLOOKUP($A15,'17-18'!$B:$L,7,FALSE))/VLOOKUP($A15,'17-18'!$B:$L,2,FALSE),"") -> -0.5 | C15: =IFERROR((VLOOKUP($A15,'18-19 First 5'!$B:$L,6,FALSE)-VLOOKUP($A15,'18-19 First 5'!$B:$L,7,FALSE))/VLOOKUP($A15,'18-19 First 5'!$B:$L,2,FALSE),"") -> 0 | D15: =IFERROR((VLOOKUP($A15,'18-19 First 10'!$B:$L,6,FALSE)-VLOOKUP($A15,'18-19 First 10'!$B:$L,7,FALSE))/VLOOKUP($A15,'18-19 First 10'!$B:$L,2,FALSE),"") -> -0.1 | E15: =IFERROR((VLOOKUP($A15,'18-19 First 15'!$B:$L,6,FALSE)-VLOOKUP($A15,'18-19 First 15'!$B:$L,7,FALSE))/VLOOKUP($A15,'18-19 First 15'!$B:$L,2,FALSE),"") -> -0.2 | F15: =IFERROR((VLOOKUP($A15,'18-19 First 20'!$B:$L,6,FALSE)-VLOOKUP($A15,'18-19 First 20'!$B:$L,7,FALSE))/VLOOKUP($A15,'18-19 First 20'!$B:$L,2,FALSE),"") -> -0.5 | G15: 16 | H15: =IFERROR(RANK(B15,$B$2:$B$21,0),"") -> 13 | I15: =IFERROR(RANK(C15,$C$2:$C$21,0),"") -> 8 | J15: =IFERROR(RANK(D15,$D$2:$D$21,0),"") -> 10 | K15: =IFERROR(RANK(E15,$E$2:$E$21,0),"") -> 10 | L15: =IFERROR(RANK(F15,$F$2:$F$21,0),"") -> 11 | M15: =IFERROR(ABS(H15-$G15),"") -> 3 | N15: =IFERROR(ABS(I15-$G15),"") -> 8 | O15: =IFERROR(ABS(J15-$G15),"") -> 6 | P15: =IFERROR(ABS(K15-$G15),"") -> 6 | Q15: =IFERROR(ABS(L15-$G15),"") -> 5 | R15: =IFERROR(M15^2,"") -> 9 | S15: =IFERROR(N15^2,"") -> 64 | T15: =IFERROR(O15^2,"") -> 36 | U15: =IFERROR(P15^2,"") -> 36 | V15: =IFERROR(Q15^2,"") -> 25
A16: Newcastle United | B16: =IFERROR((VLOOKUP($A16,'17-18'!$B:$L,6,FALSE)-VLOOKUP($A16,'17-18'!$B:$L,7,FALSE))/VLOOKUP($A16,'17-18'!$B:$L,2,FALSE),"") -> -0.21052632 | C16: =IFERROR((VLOOKUP($A16,'18-19 First 5'!$B:$L,6,FALSE)-VLOOKUP($A16,'18-19 First 5'!$B:$L,7,FALSE))/VLOOKUP($A16,'18-19 First 5'!$B:$L,2,FALSE),"") -> 0.4 | D16: =IFERROR((VLOOKUP($A16,'18-19 First 10'!$B:$L,6,FALSE)-VLOOKUP($A16,'18-19 First 10'!$B:$L,7,FALSE))/VLOOKUP($A16,'18-19 First 10'!$B:$L,2,FALSE),"") -> 0.1 | E16: =IFERROR((VLOOKUP($A16,'18-19 First 15'!$B:$L,6,FALSE)-VLOOKUP($A16,'18-19 First 15'!$B:$L,7,FALSE))/VLOOKUP($A16,'18-19 First 15'!$B:$L,2,FALSE),"") -> -0.53333333 | F16: =IFERROR((VLOOKUP($A16,'18-19 First 20'!$B:$L,6,FALSE)-VLOOKUP($A16,'18-19 First 20'!$B:$L,7,FALSE))/VLOOKUP($A16,'18-19 First 20'!$B:$L,2,FALSE),"") -> -0.55 | G16: 13 | H16: =IFERROR(RANK(B16,$B$2:$B$21,0),"") -> 9 | I16: =IFERROR(RANK(C16,$C$2:$C$21,0),"") -> 5 | J16: =IFERROR(RANK(D16,$D$2:$D$21,0),"") -> 6 | K16: =IFERROR(RANK(E16,$E$2:$E$21,0),"") -> 13 | L16: =IFERROR(RANK(F16,$F$2:$F$21,0),"") -> 13 | M16: =IFERROR(ABS(H16-$G16),"") -> 4 | N16: =IFERROR(ABS(I16-$G16),"") -> 8 | O16: =IFERROR(ABS(J16-$G16),"") -> 7 | P16: =IFERROR(ABS(K16-$G16),"") -> 0 | Q16: =IFERROR(ABS(L16-$G16),"") -> 0 | R16: =IFERROR(M16^2,"") -> 16 | S16: =IFERROR(N16^2,"") -> 64 | T16: =IFERROR(O16^2,"") -> 49 | U16: =IFERROR(P16^2,"") -> 0 | V16: =IFERROR(Q16^2,"") -> 0
A17: Crystal Palace | B17: =IFERROR((VLOOKUP($A17,'17-18'!$B:$L,6,FALSE)-VLOOKUP($A17,'17-18'!$B:$L,7,FALSE))/VLOOKUP($A17,'17-18'!$B:$L,2,FALSE),"") -> -0.26315789 | C17: =IFERROR((VLOOKUP($A17,'18-19 First 5'!$B:$L,6,FALSE)-VLOOKUP($A17,'18-19 First 5'!$B:$L,7,FALSE))/VLOOKUP($A17,'18-19 First 5'!$B:$L,2,FALSE),"") -> -1.6 | D17: =IFERROR((VLOOKUP($A17,'18-19 First 10'!$B:$L,6,FALSE)-VLOOKUP($A17,'18-19 First 10'!$B:$L,7,FALSE))/VLOOKUP($A17,'18-19 First 10'!$B:$L,2,FALSE),"") -> -1.7 | E17: =IFERROR((VLOOKUP($A17,'18-19 First 15'!$B:$L,6,FALSE)-VLOOKUP($A17,'18-19 First 15'!$B:$L,7,FALSE))/VLOOKUP($A17,'18-19 First 15'!$B:$L,2,FALSE),"") -> -1.1333333 | F17: =IFERROR((VLOOKUP($A17,'18-19 First 20'!$B:$L,6,FALSE)-VLOOKUP($A17,'18-19 First 20'!$B:$L,7,FALSE))/VLOOKUP($A17,'18-19 First 20'!$B:$L,2,FALSE),"") -> -0.7 | G17: 12 | H17: =IFERROR(RANK(B17,$B$2:$B$21,0),"") -> 10 | I17: =IFERROR(RANK(C17,$C$2:$C$21,0),"") -> 19 | J17: =IFERROR(RANK(D17,$D$2:$D$21,0),"") -> 20 | K17: =IFERROR(RANK(E17,$E$2:$E$21,0),"") -> 18 | L17: =IFERROR(RANK(F17,$F$2:$F$21,0),"") -> 16 | M17: =IFERROR(ABS(H17-$G17),"") -> 2 | N17: =IFERROR(ABS(I17-$G17),"") -> 7 | O17: =IFERROR(ABS(J17-$G17),"") -> 8 | P17: =IFERROR(ABS(K17-$G17),"") -> 6 | Q17: =IFERROR(ABS(L17-$G17),"") -> 4 | R17: =IFERROR(M17^2,"") -> 4 | S17: =IFERROR(N17^2,"") -> 49 | T17: =IFERROR(O17^2,"") -> 64 | U17: =IFERROR(P17^2,"") -> 36 | V17: =IFERROR(Q17^2,"") -> 16
A18: West Ham | B18: =IFERROR((VLOOKUP($A18,'17-18'!$B:$L,6,FALSE)-VLOOKUP($A18,'17-18'!$B:$L,7,FALSE))/VLOOKUP($A18,'17-18'!$B:$L,2,FALSE),"") -> -0.52631579 | C18: =IFERROR((VLOOKUP($A18,'18-19 First 5'!$B:$L,6,FALSE)-VLOOKUP($A18,'18-19 First 5'!$B:$L,7,FALSE))/VLOOKUP($A18,'18-19 First 5'!$B:$L,2,FALSE),"") -> -1.2 | D18: =IFERROR((VLOOKUP($A18,'18-19 First 10'!$B:$L,6,FALSE)-VLOOKUP($A18,'18-19 First 10'!$B:$L,7,FALSE))/VLOOKUP($A18,'18-19 First 10'!$B:$L,2,FALSE),"") -> -0.9 | E18: =IFERROR((VLOOKUP($A18,'18-19 First 15'!$B:$L,6,FALSE)-VLOOKUP($A18,'18-19 First 15'!$B:$L,7,FALSE))/VLOOKUP($A18,'18-19 First 15'!$B:$L,2,FALSE),"") -> -1.2666667 | F18: =IFERROR((VLOOKUP($A18,'18-19 First 20'!$B:$L,6,FALSE)-VLOOKUP($A18,'18-19 First 20'!$B:$L,7,FALSE))/VLOOKUP($A18,'18-19 First 20'!$B:$L,2,FALSE),"") -> -0.8 | G18: 10 | H18: =IFERROR(RANK(B18,$B$2:$B$21,0),"") -> 14 | I18: =IFERROR(RANK(C18,$C$2:$C$21,0),"") -> 17 | J18: =IFERROR(RANK(D18,$D$2:$D$21,0),"") -> 17 | K18: =IFERROR(RANK(E18,$E$2:$E$21,0),"") -> 20 | L18: =IFERROR(RANK(F18,$F$2:$F$21,0),"") -> 18 | M18: =IFERROR(ABS(H18-$G18),"") -> 4 | N18: =IFERROR(ABS(I18-$G18),"") -> 7 | O18: =IFERROR(ABS(J18-$G18),"") -> 7 | P18: =IFERROR(ABS(K18-$G18),"") -> 10 | Q18: =IFERROR(ABS(L18-$G18),"") -> 8 | R18: =IFERROR(M18^2,"") -> 16 | S18: =IFERROR(N18^2,"") -> 49 | T18: =IFERROR(O18^2,"") -> 49 | U18: =IFERROR(P18^2,"") -> 100 | V18: =IFERROR(Q18^2,"") -> 64
A19: Bournemouth | B19: =IFERROR((VLOOKUP($A19,'17-18'!$B:$L,6,FALSE)-VLOOKUP($A19,'17-18'!$B:$L,7,FALSE))/VLOOKUP($A19,'17-18'!$B:$L,2,FALSE),"") -> -0.42105263 | C19: =IFERROR((VLOOKUP($A19,'18-19 First 5'!$B:$L,6,FALSE)-VLOOKUP($A19,'18-19 First 5'!$B:$L,7,FALSE))/VLOOKUP($A19,'18-19 First 5'!$B:$L,2,FALSE),"") -> -1.2 | D19: =IFERROR((VLOOKUP($A19,'18-19 First 10'!$B:$L,6,FALSE)-VLOOKUP($A19,'18-19 First 10'!$B:$L,7,FALSE))/VLOOKUP($A19,'18-19 First 10'!$B:$L,2,FALSE),"") -> -0.8 | E19: =IFERROR((VLOOKUP($A19,'18-19 First 15'!$B:$L,6,FALSE)-VLOOKUP($A19,'18-19 First 15'!$B:$L,7,FALSE))/VLOOKUP($A19,'18-19 First 15'!$B:$L,2,FALSE),"") -> -0.26666667 | F19: =IFERROR((VLOOKUP($A19,'18-19 First 20'!$B:$L,6,FALSE)-VLOOKUP($A19,'18-19 First 20'!$B:$L,7,FALSE))/VLOOKUP($A19,'18-19 First 20'!$B:$L,2,FALSE),"") -> -0.65 | G19: 14 | H19: =IFERROR(RANK(B19,$B$2:$B$21,0),"") -> 12 | I19: =IFERROR(RANK(C19,$C$2:$C$21,0),"") -> 17 | J19: =IFERROR(RANK(D19,$D$2:$D$21,0),"") -> 16 | K19: =IFERROR(RANK(E19,$E$2:$E$21,0),"") -> 11 | L19: =IFERROR(RANK(F19,$F$2:$F$21,0),"") -> 14 | M19: =IFERROR(ABS(H19-$G19),"") -> 2 | N19: =IFERROR(ABS(I19-$G19),"") -> 3 | O19: =IFERROR(ABS(J19-$G19),"") -> 2 | P19: =IFERROR(ABS(K19-$G19),"") -> 3 | Q19: =IFERROR(ABS(L19-$G19),"") -> 0 | R19: =IFERROR(M19^2,"") -> 4 | S19: =IFERROR(N19^2,"") -> 9 | T19: =IFERROR(O19^2,"") -> 4 | U19: =IFERROR(P19^2,"") -> 9 | V19: =IFERROR(Q19^2,"") -> 0
A20: West Bromwich Albion | B20: =IFERROR((VLOOKUP($A20,'17-18'!$B:$L,6,FALSE)-VLOOKUP($A20,'17-18'!$B:$L,7,FALSE))/VLOOKUP($A20,'17-18'!$B:$L,2,FALSE),"") -> -0.65789474 | C20: =IFERROR((VLOOKUP($A20,'18-19 First 5'!$B:$L,6,FALSE)-VLOOKUP($A20,'18-19 First 5'!$B:$L,7,FALSE))/VLOOKUP($A20,'18-19 First 5'!$B:$L,2,FALSE),"") -> 0 | D20: =IFERROR((VLOOKUP($A20,'18-19 First 10'!$B:$L,6,FALSE)-VLOOKUP($A20,'18-19 First 10'!$B:$L,7,FALSE))/VLOOKUP($A20,'18-19 First 10'!$B:$L,2,FALSE),"") -> -0.4 | E20: =IFERROR((VLOOKUP($A20,'18-19 First 15'!$B:$L,6,FALSE)-VLOOKUP($A20,'18-19 First 15'!$B:$L,7,FALSE))/VLOOKUP($A20,'18-19 First 15'!$B:$L,2,FALSE),"") -> -0.6 | F20: =IFERROR((VLOOKUP($A20,'18-19 First 20'!$B:$L,6,FALSE)-VLOOKUP($A20,'18-19 First 20'!$B:$L,7,FALSE))/VLOOKUP($A20,'18-19 First 20'!$B:$L,2,FALSE),"") -> -0.65 | H20: =IFERROR(RANK(B20,$B$2:$B$21,0),"") -> 17 | I20: =IFERROR(RANK(C20,$C$2:$C$21,0),"") -> 8 | J20: =IFERROR(RANK(D20,$D$2:$D$21,0),"") -> 13 | K20: =IFERROR(RANK(E20,$E$2:$E$21,0),"") -> 14 | L20: =IFERROR(RANK(F20,$F$2:$F$21,0),"") -> 14 | M20: =IFERROR(ABS(H20-$G20),"") -> 17 | N20: =IFERROR(ABS(I20-$G20),"") -> 8 | O20: =IFERROR(ABS(J20-$G20),"") -> 13 | P20: =IFERROR(ABS(K20-$G20),"") -> 14 | Q20: =IFERROR(ABS(L20-$G20),"") -> 14 | R20: =IFERROR(M20^2,"") -> 289 | S20: =IFERROR(N20^2,"") -> 64 | T20: =IFERROR(O20^2,"") -> 169 | U20: =IFERROR(P20^2,"") -> 196 | V20: =IFERROR(Q20^2,"") -> 196
A21: Swansea | B21: =IFERROR((VLOOKUP($A21,'17-18'!$B:$L,6,FALSE)-VLOOKUP($A21,'17-18'!$B:$L,7,FALSE))/VLOOKUP($A21,'17-18'!$B:$L,2,FALSE),"") -> -0.73684211 | C21: =IFERROR((VLOOKUP($A21,'18-19 First 5'!$B:$L,6,FALSE)-VLOOKUP($A21,'18-19 First 5'!$B:$L,7,FALSE))/VLOOKUP($A21,'18-19 First 5'!$B:$L,2,FALSE),"") -> -0.6 | D21: =IFERROR((VLOOKUP($A21,'18-19 First 10'!$B:$L,6,FALSE)-VLOOKUP($A21,'18-19 First 10'!$B:$L,7,FALSE))/VLOOKUP($A21,'18-19 First 10'!$B:$L,2,FALSE),"") -> -0.5 | E21: =IFERROR((VLOOKUP($A21,'18-19 First 15'!$B:$L,6,FALSE)-VLOOKUP($A21,'18-19 First 15'!$B:$L,7,FALSE))/VLOOKUP($A21,'18-19 First 15'!$B:$L,2,FALSE),"") -> -0.66666667 | F21: =IFERROR((VLOOKUP($A21,'18-19 First 20'!$B:$L,6,FALSE)-VLOOKUP($A21,'18-19 First 20'!$B:$L,7,FALSE))/VLOOKUP($A21,'18-19 First 20'!$B:$L,2,FALSE),"") -> -1 | H21: =IFERROR(RANK(B21,$B$2:$B$21,0),"") -> 18 | I21: =IFERROR(RANK(C21,$C$2:$C$21,0),"") -> 15 | J21: =IFERROR(RANK(D21,$D$2:$D$21,0),"") -> 14 | K21: =IFERROR(RANK(E21,$E$2:$E$21,0),"") -> 16 | L21: =IFERROR(RANK(F21,$F$2:$F$21,0),"") -> 20 | M21: =IFERROR(ABS(H21-$G21),"") -> 18 | N21: =IFERROR(ABS(I21-$G21),"") -> 15 | O21: =IFERROR(ABS(J21-$G21),"") -> 14 | P21: =IFERROR(ABS(K21-$G21),"") -> 16 | Q21: =IFERROR(ABS(L21-$G21),"") -> 20 | R21: =IFERROR(M21^2,"") -> 324 | S21: =IFERROR(N21^2,"") -> 225 | T21: =IFERROR(O21^2,"") -> 196 | U21: =IFERROR(P21^2,"") -> 256 | V21: =IFERROR(Q21^2,"") -> 400
