Workbook

Sheet 21-22
A1: number | B1: team | C1: matches | D1: wins | E1: draws | F1: loses | G1: goals | H1: ga | I1: points | J1: xG | K1: xGA | L1: xPTS
A2: 1 | B2: Manchester City | C2: 38 | D2: 29 | E2: 6 | F2: 3 | G2: 99 | H2: 26 | I2: 93 | J2: 93.4 | K2: 25.21 | L2: 91.88
A3: 2 | B3: Liverpool | C3: 38 | D3: 28 | E3: 8 | F3: 2 | G3: 94 | H3: 26 | I3: 92 | J3: 93.02 | K3: 32.73 | L3: 86.56
A4: 3 | B4: Chelsea | C4: 38 | D4: 21 | E4: 11 | F4: 6 | G4: 76 | H4: 33 | I4: 74 | J4: 69.3 | K4: 35.12 | L4: 73.38
A5: 4 | B5: Tottenham | C5: 38 | D5: 22 | E5: 5 | F5: 11 | G5: 69 | H5: 40 | I5: 71 | J5: 67.95 | K5: 43.7 | L5: 66.09
A6: 5 | B6: Arsenal | C6: 38 | D6: 22 | E6: 3 | F6: 13 | G6: 61 | H6: 48 | I6: 69 | J6: 63.39 | K6: 48.39 | L6: 64.76
A7: 6 | B7: Manchester United | C7: 38 | D7: 16 | E7: 10 | F7: 12 | G7: 57 | H7: 57 | I7: 58 | J7: 57.21 | K7: 56.85 | L7: 54.52
A8: 7 | B8: West Ham | C8: 38 | D8: 16 | E8: 8 | F8: 14 | G8: 60 | H8: 51 | I8: 56 | J8: 54.98 | K8: 53.88 | L8: 53.56
A9: 8 | B9: Leicester | C9: 38 | D9: 14 | E9: 10 | F9: 14 | G9: 62 | H9: 59 | I9: 52 | J9: 49.49 | K9: 66.11 | L9: 42.31
A10: 9 | B10: Brighton | C10: 38 | D10: 12 | E10: 15 | F10: 11 | G10: 42 | H10: 44 | I10: 51 | J10: 49.57 | K10: 47.21 | L10: 54.18
A11: 10 | B11: Wolverhampton Wanderers | C11: 38 | D11: 15 | E11: 6 | F11: 17 | G11: 38 | H11: 43 | I11: 51 | J11: 39.04 | K11: 58.48 | L11: 40.54
A12: 11 | B12: Newcastle United | C12: 38 | D12: 13 | E12: 10 | F12: 15 | G12: 44 | H12: 62 | I12: 49 | J12: 41.53 | K12: 62.71 | L12: 41.53
A13: 12 | B13: Crystal Palace | C13: 38 | D13: 11 | E13: 15 | F13: 12 | G13: 50 | H13: 46 | I13: 48 | J13: 48.84 | K13: 41.33 | L13: 58.15
... A21: 20 | B21: Norwich | C21: 38 | D21: 5 | E21: 7 | F21: 26 | G21: 23 | H21: 84 | I21: 22 | J21: 31.51 | K21: 80.08 | L21: 25.04

Sheet 22-23 First 5
A1: number | B1: team | C1: matches | D1: wins | E1: draws | F1: loses | G1: goals | H1: ga | I1: points | J1: xG | K1: xGA | L1: xPTS
A2: 1 | B2: Arsenal | C2: 5 | D2: 5 | E2: 0 | F2: 0 | G2: 13 | H2: 4 | I2: 15 | J2: 11.43 | K2: 3.33 | L2: 12.2
A3: 2 | B3: Manchester City | C3: 5 | D3: 4 | E3: 1 | F3: 0 | G3: 19 | H3: 5 | I3: 13 | J3: 14.17 | K3: 3.4 | L3: 13.45
A4: 3 | B4: Tottenham | C4: 5 | D4: 3 | E4: 2 | F4: 0 | G4: 10 | H4: 4 | I4: 11 | J4: 7.84 | K4: 5.24 | L4: 8.77
A5: 4 | B5: Brighton | C5: 5 | D5: 3 | E5: 1 | F5: 1 | G5: 6 | H5: 3 | I5: 10 | J5: 8.53 | K5: 4.59 | L5: 10.11
A6: 5 | B6: Manchester United | C6: 5 | D6: 3 | E6: 0 | F6: 2 | G6: 5 | H6: 7 | I6: 9 | J6: 6.78 | K6: 6.61 | L6: 6.95
A7: 6 | B7: Liverpool | C7: 5 | D7: 2 | E7: 2 | F7: 1 | G7: 15 | H7: 6 | I7: 8 | J7: 12.72 | K7: 5.76 | L7: 10.25
A8: 7 | B8: Leeds | C8: 5 | D8: 2 | E8: 2 | F8: 1 | G8: 8 | H8: 5 | I8: 8 | J8: 7.29 | K8: 5.98 | L8: 7.85
A9: 8 | B9: Fulham | C9: 5 | D9: 2 | E9: 2 | F9: 1 | G9: 8 | H9: 7 | I9: 8 | J9: 7.25 | K9: 9.14 | L9: 5.52
A10: 9 | B10: Southampton | C10: 5 | D10: 2 | E10: 1 | F10: 2 | G10: 7 | H10: 9 | I10: 7 | J10: 5.84 | K10: 6.71 | L10: 6.24
A11: 10 | B11: Chelsea | C11: 5 | D11: 2 | E11: 1 | F11: 2 | G11: 6 | H11: 8 | I11: 7 | J11: 7.71 | K11: 7.74 | L11: 6.92
A12: 11 | B12: Brentford | C12: 5 | D12: 1 | E12: 3 | F12: 1 | G12: 10 | H12: 7 | I12: 6 | J12: 7.81 | K12: 6.68 | L12: 8
A13: 12 | B13: Newcastle United | C13: 5 | D13: 1 | E13: 3 | F13: 1 | G13: 7 | H13: 6 | I13: 6 | J13: 6.83 | K13: 8.41 | L13: 5.93
... A21: 20 | B21: Leicester | C21: 5 | D21: 0 | E21: 1 | F21: 4 | G21: 6 | H21: 11 | I21: 1 | J21: 3.96 | K21: 8.03 | L21: 3.78

Sheet 22-23 First 10
A1: number | B1: team | C1: matches | D1: wins | E1: draws | F1: loses | G1: goals | H1: ga | I1: points | J1: xG | K1: xGA | L1: xPTS
A2: 1 | B2: Arsenal | C2: 10 | D2: 9 | E2: 0 | F2: 1 | G2: 24 | H2: 10 | I2: 27 | J2: 20.3 | K2: 10.19 | L2: 20.55
A3: 2 | B3: Manchester City | C3: 10 | D3: 7 | E3: 2 | F3: 1 | G3: 33 | H3: 10 | I3: 23 | J3: 24.18 | K3: 7.81 | L3: 24.2
A4: 3 | B4: Tottenham | C4: 10 | D4: 7 | E4: 2 | F4: 1 | G4: 22 | H4: 10 | I4: 23 | J4: 17.27 | K4: 11.16 | L4: 17.77
A5: 4 | B5: Chelsea | C5: 10 | D5: 6 | E5: 2 | F5: 2 | G5: 15 | H5: 10 | I5: 20 | J5: 13.9 | K5: 14.52 | L5: 12.99
A6: 5 | B6: Manchester United | C6: 10 | D6: 6 | E6: 1 | F6: 3 | G6: 15 | H6: 15 | I6: 19 | J6: 15.47 | K6: 12.86 | L6: 15.96
A7: 6 | B7: Newcastle United | C7: 10 | D7: 3 | E7: 6 | F7: 1 | G7: 17 | H7: 9 | I7: 15 | J7: 19.19 | K7: 13.54 | L7: 16.52
A8: 7 | B8: Brighton | C8: 10 | D8: 4 | E8: 3 | F8: 3 | G8: 14 | H8: 11 | I8: 15 | J8: 18.78 | K8: 10.68 | L8: 19.81
A9: 8 | B9: Liverpool | C9: 10 | D9: 4 | E9: 4 | F9: 2 | G9: 22 | H9: 12 | I9: 16 | J9: 21.26 | K9: 15.73 | L9: 16.31
A10: 9 | B10: Brentford | C10: 10 | D10: 3 | E10: 4 | F10: 3 | G10: 18 | H10: 17 | I10: 13 | J10: 15.19 | K10: 15.16 | L10: 13.97
A11: 10 | B11: Bournemouth | C11: 10 | D11: 3 | E11: 4 | F11: 3 | G11: 10 | H11: 22 | I11: 13 | J11: 6.88 | K11: 17 | L11: 7.79
A12: 11 | B12: Fulham | C12: 10 | D12: 3 | E12: 3 | F12: 4 | G12: 16 | H12: 20 | I12: 12 | J12: 11.83 | K12: 22.97 | L12: 8.37
A13: 12 | B13: West Ham | C13: 10 | D13: 3 | E13: 2 | F13: 5 | G13: 9 | H13: 11 | I13: 11 | J13: 13.22 | K13: 10.17 | L13: 15.92
... A21: 20 | B21: Nottingham Forest | C21: 10 | D21: 1 | E21: 2 | F21: 7 | G21: 7 | H21: 23 | I21: 5 | J21: 10.09 | K21: 17.05 | L21: 9.6

Sheet 22-23 First 15
A1: number | B1: team | C1: matches | D1: wins | E1: draws | F1: loses | G1: goals | H1: ga | I1: points | J1: xG | K1: xGA | L1: xPTS
A2: 1 | B2: Arsenal | C2: 15 | D2: 13 | E2: 1 | F2: 1 | G2: 36 | H2: 12 | I2: 40 | J2: 31.43 | K2: 12.84 | L2: 33.12
A3: 2 | B3: Manchester City | C3: 15 | D3: 11 | E3: 2 | F3: 2 | G3: 43 | H3: 15 | I3: 35 | J3: 34.91 | K3: 13.77 | L3: 33.84
A4: 3 | B4: Newcastle United | C4: 15 | D4: 8 | E4: 6 | F4: 1 | G4: 29 | H4: 11 | I4: 30 | J4: 28.43 | K4: 17.45 | L4: 26.32
A5: 4 | B5: Tottenham | C5: 15 | D5: 9 | E5: 2 | F5: 4 | G5: 31 | H5: 21 | I5: 29 | J5: 26.09 | K5: 18.07 | L5: 25.89
A6: 5 | B6: Manchester United | C6: 15 | D6: 9 | E6: 2 | F6: 4 | G6: 23 | H6: 20 | I6: 29 | J6: 23.99 | K6: 17.82 | L6: 24.98
A7: 6 | B7: Liverpool | C7: 15 | D7: 7 | E7: 4 | F7: 4 | G7: 31 | H7: 18 | I7: 25 | J7: 33.09 | K7: 24.79 | L7: 24.9
A8: 7 | B8: Brighton | C8: 15 | D8: 7 | E8: 3 | F8: 5 | G8: 26 | H8: 20 | I8: 24 | J8: 25.9 | K8: 17.78 | L8: 26.26
A9: 8 | B9: Chelsea | C9: 15 | D9: 7 | E9: 3 | F9: 5 | G9: 19 | H9: 17 | I9: 24 | J9: 18.73 | K9: 22.31 | L9: 18.21
A10: 9 | B10: Fulham | C10: 15 | D10: 5 | E10: 4 | F10: 6 | G10: 24 | H10: 26 | I10: 19 | J10: 21.51 | K10: 32.61 | L10: 15.32
A11: 10 | B11: Brentford | C11: 15 | D11: 4 | E11: 7 | F11: 4 | G11: 23 | H11: 25 | I11: 19 | J11: 23.45 | K11: 22.63 | L11: 22.09
A12: 11 | B12: Crystal Palace | C12: 15 | D12: 5 | E12: 4 | F12: 6 | G12: 15 | H12: 21 | I12: 19 | J12: 15.72 | K12: 22.96 | L12: 16.02
A13: 12 | B13: Aston Villa | C13: 15 | D13: 5 | E13: 3 | F13: 7 | G13: 16 | H13: 22 | I13: 18 | J13: 17.35 | K13: 21.34 | L13: 20.24
... A21: 20 | B21: Wolverhampton Wanderers | C21: 15 | D21: 2 | E21: 4 | F21: 9 | G21: 8 | H21: 24 | I21: 10 | J21: 14.23 | K21: 20.78 | L21: 15.49

Sheet 22-23 First 20
A1: number | B1: team | C1: matches | D1: wins | E1: draws | F1: loses | G1: goals | H1: ga | I1: points | J1: xG | K1: xGA | L1: xPTS
A2: 1 | B2: Arsenal | C2: 20 | D2: 16 | E2: 2 | F2: 2 | G2: 45 | H2: 17 | I2: 50 | J2: 41.26 | K2: 19.03 | L2: 41.92
A3: 2 | B3: Manchester City | C3: 20 | D3: 14 | E3: 3 | F3: 3 | G3: 53 | H3: 20 | I3: 45 | J3: 45.39 | K3: 17.95 | L3: 44.63
A4: 3 | B4: Newcastle United | C4: 20 | D4: 10 | E4: 9 | F4: 1 | G4: 33 | H4: 11 | I4: 39 | J4: 37.34 | K4: 20.57 | L4: 37.44
A5: 4 | B5: Manchester United | C5: 20 | D5: 12 | E5: 3 | F5: 5 | G5: 32 | H5: 25 | I5: 39 | J5: 33.06 | K5: 23.14 | L5: 35.02
A6: 5 | B6: Tottenham | C6: 20 | D6: 10 | E6: 3 | F6: 7 | G6: 39 | H6: 31 | I6: 33 | J6: 32.08 | K6: 26.71 | L6: 30.81
A7: 6 | B7: Brighton | C7: 20 | D7: 10 | E7: 4 | F7: 6 | G7: 38 | H7: 27 | I7: 34 | J7: 36.47 | K7: 25.72 | L7: 35.35
A8: 7 | B8: Fulham | C8: 20 | D8: 9 | E8: 4 | F8: 7 | G8: 32 | H8: 29 | I8: 31 | J8: 28.74 | K8: 39.54 | L8: 22.42
A9: 8 | B9: Brentford | C9: 20 | D9: 7 | E9: 9 | F9: 4 | G9: 32 | H9: 28 | I9: 30 | J9: 30.79 | K9: 27.41 | L9: 31.02
A10: 9 | B10: Liverpool | C10: 20 | D10: 8 | E10: 5 | F10: 7 | G10: 34 | H10: 28 | I10: 29 | J10: 41.11 | K10: 34.63 | L10: 30.54
A11: 10 | B11: Chelsea | C11: 20 | D11: 8 | E11: 5 | F11: 7 | G11: 22 | H11: 21 | I11: 29 | J11: 26.97 | K11: 27.86 | L11: 26.99
A12: 11 | B12: Aston Villa | C12: 20 | D12: 8 | E12: 4 | F12: 8 | G12: 23 | H12: 27 | I12: 28 | J12: 24.11 | K12: 29.38 | L12: 26.69
A13: 12 | B13: Crystal Palace | C13: 20 | D13: 6 | E13: 6 | F13: 8 | G13: 18 | H13: 27 | I13: 24 | J13: 19.84 | K13: 30.49 | L13: 20.22
... A21: 20 | B21: Southampton | C21: 20 | D21: 4 | E21: 3 | F21: 13 | G21: 17 | H21: 35 | I21: 15 | J21: 20.95 | K21: 29.22 | L21: 21.51

Sheet Sheet1
A1: Team | B1: 21-22 GD/Game | C1: 22-23 GD/Game 5 | D1: 22-23 GD/Game 10 | E1: 22-23 GD/Game 15 | F1: 22-23 GD/Game 20 | G1: Final Rank | H1: Rank 21-22 | I1: Rank 5 | J1: Rank 10 | K1: Rank 15 | L1: Rank 20 | M1: Error 21-22 | N1: Error 5 | O1: Error 10 | P1: Error 15 | Q1: Error 20 | R1: Sq Error 21-22 | S1: Sq Error 5 | T1: Sq Error 10 | U1: Sq Error 15 | V1: Sq Error 20 | X1: Games | Y1: Current MAE | Z1: Current RMSE | AA1: Last Season MAE | AB1: Last Season RMSE
A2: Arsenal | B2: =IFERROR((VLOOKUP($A2,'21-22'!$B:$L,6,FALSE)-VLOOKUP($A2,'21-22'!$B:$L,7,FALSE))/VLOOKUP($A2,'21-22'!$B:$L,2,FALSE),"") -> 0.34210526 | C2: =IFERROR((VLOOKUP($A2,'22-23 First 5'!$B:$L,6,FALSE)-VLOOKUP($A2,'22-23 First 5'!$B:$L,7,FALSE))/VLOOKUP($A2,'22-23 First 5'!$B:$L,2,FALSE),"") -> 1.8 | D2: =IFERROR((VLOOKUP($A2,'22-23 First 10'!$B:$L,6,FALSE)-VLOOKUP($A2,'22-23 First 10'!$B:$L,7,FALSE))/VLOOKUP($A2,'22-23 First 10'!$B:$L,2,FALSE),"") -> 1.4 | E2: =IFERROR((VLOOKUP($A2,'22-23 First 15'!$B:$L,6,FALSE)-VLOOKUP($A2,'22-23 First 15'!$B:$L,7,FALSE))/VLOOKUP($A2,'22-23 First 15'!$B:$L,2,FALSE),"") -> 1.6 | F2: =IFERROR((VLOOKUP($A2,'22-23 First 20'!$B:$L,6,FALSE)-VLOOKUP($A2,'22-23 First 20'!$B:$L,7,FALSE))/VLOOKUP($A2,'22-23 First 20'!$B:$L,2,FALSE),"") -> 1.4 | G2: 2 | H2: =IFERROR(RANK(B2,$B$2:$B$21,0),"") -> 5 | I2: =IFERROR(RANK(C2,$C$2:$C$21,0),"") -> 2 | J2: =IFERROR(RANK(D2,$D$2:$D$21,0),"") -> 2 | K2: =IFERROR(RANK(E2,$E$2:$E$21,0),"") -> 2 | L2: =IFERROR(RANK(F2,$F$2:$F$21,0),"") -> 2 | M2: =IFERROR(ABS(H2-$G2),"") -> 3 | N2: =IFERROR(ABS(I2-$G2),"") -> 0 | O2: =IFERROR(ABS(J2-$G2),"") -> 0 | P2: =IFERROR(ABS(K2-$G2),"") -> 0 | Q2: =IFERROR(ABS(L2-$G2),"") -> 0 | R2: =IFERROR(M2^2,"") -> 9 | S2: =IFERROR(N2^2,"") -> 0 | T2: =IFERROR(O2^2,"") -> 0 | U2: =IFERROR(P2^2,"") -> 0 | V2: =IFERROR(Q2^2,"") -> 0 | X2: 5 | Y2: =AVERAGE(N$2:N$21) -> 4.15 | Z2: =SQRT(AVERAGE(S$2:S$21)) -> 5.5181519 | AA2: =AVERAGE($M$2:$M$21) -> 4.5294118 | AB2: =SQRT(AVERAGE($R$2:$R$21)) -> 5.4069672
A3: Manchester City | B3: =IFERROR((VLOOKUP($A3,'21-22'!$B:$L,6,FALSE)-VLOOKUP($A3,'21-22'!$B:$L,7,FALSE))/VLOOKUP($A3,'21-22'!$B:$L,2,FALSE),"") -> 1.9210526 | C3: =IFERROR((VLOOKUP($A3,'22-23 First 5'!$B:$L,6,FALSE)-VLOOKUP($A3,'22-23 First 5'!$B:$L,7,FALSE))/VLOOKUP($A3,'22-23 First 5'!$B:$L,2,FALSE),"") -> 2.8 | D3: =IFERROR((VLOOKUP($A3,'22-23 First 10'!$B:$L,6,FALSE)-VLOOKUP($A3,'22-23 First 10'!$B:$L,7,FALSE))/VLOOKUP($A3,'22-23 First 10'!$B:$L,2,FALSE),"") -> 2.3 | E3: =IFERROR((VLOOKUP($A3,'22-23 First 15'!$B:$L,6,FALSE)-VLOOKUP($A3,'22-23 First 15'!$B:$L,7,FALSE))/VLOOKUP($A3,'22-23 First 15'!$B:$L,2,FALSE),"") -> 1.8666667 | F3: =IFERROR((VLOOKUP($A3,'22-23 First 20'!$B:$L,6,FALSE)-VLOOKUP($A3,'22-23 First 20'!$B:$L,7,FALSE))/VLOOKUP($A3,'22-23 First 20'!$B:$L,2,FALSE),"") -> 1.65 | G3: 1 | H3: =IFERROR(RANK(B3,$B$2:$B$21,0),"") -> 1 | I3: =IFERROR(RANK(C3,$C$2:$C$21,0),"") -> 1 | J3: =IFERROR(RANK(D3,$D$2:$D$21,0),"") -> 1 | K3: =IFERROR(RANK(E3,$E$2:$E$21,0),"") -> 1 | L3: =IFERROR(RANK(F3,$F$2:$F$21,0),"") -> 1 | M3: =IFERROR(ABS(H3-$G3),"") -> 0 | N3: =IFERROR(ABS(I3-$G3),"") -> 0 | O3: =IFERROR(ABS(J3-$G3),"") -> 0 | P3: =IFERROR(ABS(K3-$G3),"") -> 0 | Q3: =IFERROR(ABS(L3-$G3),"") -> 0 | R3: =IFERROR(M3^2,"") -> 0 | S3: =IFERROR(N3^2,"") -> 0 | T3: =IFERROR(O3^2,"") -> 0 | U3: =IFERROR(P3^2,"") -> 0 | V3: =IFERROR(Q3^2,"") -> 0 | X3: 10 | Y3: =AVERAGE(O$2:O$21) -> 3.1 | Z3: =SQRT(AVERAGE(T$2:T$21)) -> 3.8470768 | AA3: =AVERAGE($M$2:$M$21) -> 4.5294118 | AB3: =SQRT(AVERAGE($R$2:$R$21)) -> 5.4069672
A4: Newcastle United | B4: =IFERROR((VLOOKUP($A4,'21-22'!$B:$L,6,FALSE)-VLOOKUP($A4,'21-22'!$B:$L,7,FALSE))/VLOOKUP($A4,'21-22'!$B:$L,2,FALSE),"") -> -0.47368421 | C4: =IFERROR((VLOOKUP($A4,'22-23 First 5'!$B:$L,6,FALSE)-VLOOKUP($A4,'22-23 First 5'!$B:$L,7,FALSE))/VLOOKUP($A4,'22-23 First 5'!$B:$L,2,FALSE),"") -> 0.2 | D4: =IFERROR((VLOOKUP($A4,'22-23 First 10'!$B:$L,6,FALSE)-VLOOKUP($A4,'22-23 First 10'!$B:$L,7,FALSE))/VLOOKUP($A4,'22-23 First 10'!$B:$L,2,FALSE),"") -> 0.8 | E4: =IFERROR((VLOOKUP($A4,'22-23 First 15'!$B:$L,6,FALSE)-VLOOKUP($A4,'22-23 First 15'!$B:$L,7,FALSE))/VLOOKUP($A4,'22-23 First 15'!$B:$L,2,FALSE),"") -> 1.2 | F4: =IFERROR((VLOOKUP($A4,'22-23 First 20'!$B:$L,6,FALSE)-VLOOKUP($A4,'22-23 First 20'!$B:$L,7,FALSE))/VLOOKUP($A4,'22-23 First 20'!$B:$L,2,FALSE),"") -> 1.1 | G4: 4 | H4: =IFERROR(RANK(B4,$B$2:$B$21,0),"") -> 14 | I4: =IFERROR(RANK(C4,$C$2:$C$21,0),"") -> 8 | J4: =IFERROR(RANK(D4,$D$2:$D$21,0),"") -> 5 | K4: =IFERROR(RANK(E4,$E$2:$E$21,0),"") -> 3 | L4: =IFERROR(RANK(F4,$F$2:$F$21,0),"") -> 3 | M4: =IFERROR(ABS(H4-$G4),"") -> 10 | N4: =IFERROR(ABS(I4-$G4),"") -> 4 | O4: =IFERROR(ABS(J4-$G4),"") -> 1 | P4: =IFERROR(ABS(K4-$G4),"") -> 1 | Q4: =IFERROR(ABS(L4-$G4),"") -> 1 | R4: =IFERROR(M4^2,"") -> 100 | S4: =IFERROR(N4^2,"") -> 16 | T4: =IFERROR(O4^2,"") -> 1 | U4: =IFERROR(P4^2,"") -> 1 | V4: =IFERROR(Q4^2,"") -> 1 | X4: 15 | Y4: =AVERAGE(P$2:P$21) -> 2.9 | Z4: =SQRT(AVERAGE(U$2:U$21)) -> 3.7815341 | AA4: =AVERAGE($M$2:$M$21) -> 4.5294118 | AB4: =SQRT(AVERAGE($R$2:$R$21)) -> 5.4069672
A5: Manchester United | B5: =IFERROR((VLOOKUP($A5,'21-22'!$B:$L,6,FALSE)-VLOOKUP($A5,'21-22'!$B:$L,7,FALSE))/VLOOKUP($A5,'21-22'!$B:$L,2,FALSE),"") -> 0 | C5: =IFERROR((VLOOKUP($A5,'22-23 First 5'!$B:$L,6,FALSE)-VLOOKUP($A5,'22-23 First 5'!$B:$L,7,FALSE))/VLOOKUP($A5,'22-23 First 5'!$B:$L,2,FALSE),"") -> -0.4 | D5: =IFERROR((VLOOKUP($A5,'22-23 First 10'!$B:$L,6,FALSE)-VLOOKUP($A5,'22-23 First 10'!$B:$L,7,FALSE))/VLOOKUP($A5,'22-23 First 10'!$B:$L,2,FALSE),"") -> 0 | E5: =IFERROR((VLOOKUP($A5,'22-23 First 15'!$B:$L,6,FALSE)-VLOOKUP($A5,'22-23 First 15'!$B:$L,7,FALSE))/VLOOKUP($A5,'22-23 First 15'!$B:$L,2,FALSE),"") -> 0.2 | F5: =IFERROR((VLOOKUP($A5,'22-23 First 20'!$B:$L,6,FALSE)-VLOOKUP($A5,'22-23 First 20'!$B:$L,7,FALSE))/VLOOKUP($A5,'22-23 First 20'!$B:$L,2,FALSE),"") -> 0.35 | G5: 3 | H5: =IFERROR(RANK(B5,$B$2:$B$21,0),"") -> 9 | I5: =IFERROR(RANK(C5,$C$2:$C$21,0),"") -> 10 | J5: =IFERROR(RANK(D5,$D$2:$D$21,0),"") -> 9 | K5: =IFERROR(RANK(E5,$E$2:$E$21,0),"") -> 7 | L5: =IFERROR(RANK(F5,$F$2:$F$21,0),"") -> 6 | M5: =IFERROR(ABS(H5-$G5),"") -> 6 | N5: =IFERROR(ABS(I5-$G5),"") -> 7 | O5: =IFERROR(ABS(J5-$G5),"") -> 6 | P5: =IFERROR(ABS(K5-$G5),"") -> 4 | Q5: =IFERROR(ABS(L5-$G5),"") -> 3 | R5: =IFERROR(M5^2,"") -> 36 | S5: =IFERROR(N5^2,"") -> 49 | T5: =IFERROR(O5^2,"") -> 36 | U5: =IFERROR(P5^2,"") -> 16 | V5: =IFERROR(Q5^2,"") -> 9 | X5: 20 | Y5: =AVERAGE(Q$2:Q$21) -> 2.6 | Z5: =SQRT(AVERAGE(V$2:V$21)) -> 3.1464265 | AA5: =AVERAGE($M$2:$M$21) -> 4.5294118 | AB5: =SQRT(AVERAGE($R$2:$R$21)) -> 5.4069672
A6: Tottenham | B6: =IFERROR((VLOOKUP($A6,'21-22'!$B:$L,6,FALSE)-VLOOKUP($A6,'21-22'!$B:$L,7,FALSE))/VLOOKUP($A6,'21-22'!$B:$L,2,FALSE),"") -> 0.76315789 | C6: =IFERROR((VLOOKUP($A6,'22-23 First 5'!$B:$L,6,FALSE)-VLOOKUP($A6,'22-23 First 5'!$B:$L,7,FALSE))/VLOOKUP($A6,'22-23 First 5'!$B:$L,2,FALSE),"") -> 1.2 | D6: =IFERROR((VLOOKUP($A6,'22-23 First 10'!$B:$L,6,FALSE)-VLOOKUP($A6,'22-23 First 10'!$B:$L,7,FALSE))/VLOOKUP($A6,'22-23 First 10'!$B:$L,2,FALSE),"") -> 1.2 | E6: =IFERROR((VLOOKUP($A6,'22-23 First 15'!$B:$L,6,FALSE)-VLOOKUP($A6,'22-23 First 15'!$B:$L,7,FALSE))/VLOOKUP($A6,'22-23 First 15'!$B:$L,2,FALSE),"") -> 0.66666667 | F6: =IFERROR((VLOOKUP($A6,'22-23 First 20'!$B:$L,6,FALSE)-VLOOKUP($A6,'22-23 First 20'!$B:$L,7,FALSE))/VLOOKUP($A6,'22-23 First 20'!$B:$L,2,FALSE),"") -> 0.4 | G6: 8 | H6: =IFERROR(RANK(B6,$B$2:$B$21,0),"") -> 4 | I6: =IFERROR(RANK(C6,$C$2:$C$21,0),"") -> 4 | J6: =IFERROR(RANK(D6,$D$2:$D$21,0),"") -> 3 | K6: =IFERROR(RANK(E6,$E$2:$E$21,0),"") -> 5 | L6: =IFERROR(RANK(F6,$F$2:$F$21,0),"") -> 5 | M6: =IFERROR(ABS(H6-$G6),"") -> 4 | N6: =IFERROR(ABS(I6-$G6),"") -> 4 | O6: =IFERROR(ABS(J6-$G6),"") -> 5 | P6: =IFERROR(ABS(K6-$G6),"") -> 3 | Q6: =IFERROR(ABS(L6-$G6),"") -> 3 | R6: =IFERROR(M6^2,"") -> 16 | S6: =IFERROR(N6^2,"") -> 16 | T6: =IFERROR(O6^2,"") -> 25 | U6: =IFERROR(P6^2,"") -> 9 | V6: =IFERROR(Q6^2,"") -> 9
A7: Brighton | B7: =IFERROR((VLOOKUP($A7,'21-22'!$B:$L,6,FALSE)-VLOOKUP($A7,'21-22'!$B:$L,7,FALSE))/VLOOKUP($A7,'21-22'!$B:$L,2,FALSE),"") -> -0.052631579 | C7: =IFERROR((VLOOKUP($A7,'22-23 First 5'!$B:$L,6,FALSE)-VLOOKUP($A7,'22-23 First 5'!$B:$L,7,FALSE))/VLOOKUP($A7,'22-23 First 5'!$B:$L,2,FALSE),"") -> 0.6 | D7: =IFERROR((VLOOKUP($A7,'22-23 First 10'!$B:$L,6,FALSE)-VLOOKUP($A7,'22-23 First 10'!$B:$L,7,FALSE))/VLOOKUP($A7,'22-23 First 10'!$B:$L,2,FALSE),"") -> 0.3 | E7: =IFERROR((VLOOKUP($A7,'22-23 First 15'!$B:$L,6,FALSE)-VLOOKUP($A7,'22-23 First 15'!$B:$L,7,FALSE))/VLOOKUP($A7,'22-23 First 15'!$B:$L,2,FALSE),"") -> 0.4 | F7: =IFERROR((VLOOKUP($A7,'22-23 First 20'!$B:$L,6,FALSE)-VLOOKUP($A7,'22-23 First 20'!$B:$L,7,FALSE))/VLOOKUP($A7,'22-23 First 20'!$B:$L,2,FALSE),"") -> 0.55 | G7: 6 | H7: =IFERROR(RANK(B7,$B$2:$B$21,0),"") -> 10 | I7: =IFERROR(RANK(C7,$C$2:$C$21,0),"") -> 5 | J7: =IFERROR(RANK(D7,$D$2:$D$21,0),"") -> 7 | K7: =IFERROR(RANK(E7,$E$2:$E$21,0),"") -> 6 | L7: =IFERROR(RANK(F7,$F$2:$F$21,0),"") -> 4 | M7: =IFERROR(ABS(H7-$G7),"") -> 4 | N7: =IFERROR(ABS(I7-$G7),"") -> 1 | O7: =IFERROR(ABS(J7-$G7),"") -> 1 | P7: =IFERROR(ABS(K7-$G7),"") -> 0 | Q7: =IFERROR(ABS(L7-$G7),"") -> 2 | R7: =IFERROR(M7^2,"") -> 16 | S7: =IFERROR(N7^2,"") -> 1 | T7: =IFERROR(O7^2,"") -> 1 | U7: =IFERROR(P7^2,"") -> 0 | V7: =IFERROR(Q7^2,"") -> 4
A8: Fulham | B8: =IFERROR((VLOOKUP($A8,'21-22'!$B:$L,6,FALSE)-VLOOKUP($A8,'21-22'!$B:$L,7,FALSE))/VLOOKUP($A8,'21-22'!$B:$L,2,FALSE),"") | C8: =IFERROR((VLOOKUP($A8,'22-23 First 5'!$B:$L,6,FALSE)-VLOOKUP($A8,'22-23 First 5'!$B:$L,7,FALSE))/VLOOKUP($A8,'22-23 First 5'!$B:$L,2,FALSE),"") -> 0.2 | D8: =IFERROR((VLOOKUP($A8,'22-23 First 10'!$B:$L,6,FALSE)-VLOOKUP($A8,'22-23 First 10'!$B:$L,7,FALSE))/VLOOKUP($A8,'22-23 First 10'!$B:$L,2,FALSE),"") -> -0.4 | E8: =IFERROR((VLOOKUP($A8,'22-23 First 15'!$B:$L,6,FALSE)-VLOOKUP($A8,'22-23 First 15'!$B:$L,7,FALSE))/VLOOKUP($A8,'22-23 First 15'!$B:$L,2,FALSE),"") -> -0.13333333 | F8: =IFERROR((VLOOKUP($A8,'22-23 First 20'!$B:$L,6,FALSE)-VLOOKUP($A8,'22-23 First 20'!$B:$L,7,FALSE))/VLOOKUP($A8,'22-23 First 20'!$B:$L,2,FALSE),"") -> 0.15 | G8: 10 | H8: =IFERROR(RANK(B8,$B$2:$B$21,0),"") | I8: =IFERROR(RANK(C8,$C$2:$C$21,0),"") -> 8 | J8: =IFERROR(RANK(D8,$D$2:$D$21,0),"") -> 13 | K8: =IFERROR(RANK(E8,$E$2:$E$21,0),"") -> 10 | L8: =IFERROR(RANK(F8,$F$2:$F$21,0),"") -> 9 | M8: =IFERROR(ABS(H8-$G8),"") | N8: =IFERROR(ABS(I8-$G8),"") -> 2 | O8: =IFERROR(ABS(J8-$G8),"") -> 3 | P8: =IFERROR(ABS(K8-$G8),"") -> 0 | Q8: =IFERROR(ABS(L8-$G8),"") -> 1 | R8: =IFERROR(M8^2,"") | S8: =IFERROR(N8^2,"") -> 4 | T8: =IFERROR(O8^2,"") -> 9 | U8: =IFERROR(P8^2,"") -> 0 | V8: =IFERROR(Q8^2,"") -> 1
A9: Brentford | B9: =IFERROR((VLOOKUP($A9,'21-22'!$B:$L,6,FALSE)-VLOOKUP($A9,'21-22'!$B:$L,7,FALSE))/VLOOKUP($A9,'21-22'!$B:$L,2,FALSE),"") -> -0.21052632 | C9: =IFERROR((VLOOKUP($A9,'22-23 First 5'!$B:$L,6,FALSE)-VLOOKUP($A9,'22-23 First 5'!$B:$L,7,FALSE))/VLOOKUP($A9,'22-23 First 5'!$B:$L,2,FALSE),"") -> 0.6 | D9: =IFERROR((VLOOKUP($A9,'22-23 First 10'!$B:$L,6,FALSE)-VLOOKUP($A9,'22-23 First 10'!$B:$L,7,FALSE))/VLOOKUP($A9,'22-23 First 10'!$B:$L,2,FALSE),"") -> 0.1 | E9: =IFERROR((VLOOKUP($A9,'22-23 First 15'!$B:$L,6,FALSE)-VLOOKUP($A9,'22-23 First 15'!$B:$L,7,FALSE))/VLOOKUP($A9,'22-23 First 15'!$B:$L,2,FALSE),"") -> -0.13333333 | F9: =IFERROR((VLOOKUP($A9,'22-23 First 20'!$B:$L,6,FALSE)-VLOOKUP($A9,'22-23 First 20'!$B:$L,7,FALSE))/VLOOKUP($A9,'22-23 First 20'!$B:$L,2,FALSE),"") -> 0.2 | G9: 9 | H9: =IFERROR(RANK(B9,$B$2:$B$21,0),"") -> 13 | I9: =IFERROR(RANK(C9,$C$2:$C$21,0),"") -> 5 | J9: =IFERROR(RANK(D9,$D$2:$D$21,0),"") -> 8 | K9: =IFERROR(RANK(E9,$E$2:$E$21,0),"") -> 10 | L9: =IFERROR(RANK(F9,$F$2:$F$21,0),"") -> 8 | M9: =IFERROR(ABS(H9-$G9),"") -> 4 | N9: =IFERROR(ABS(I9-$G9),"") -> 4 | O9: =IFERROR(ABS(J9-$G9),"") -> 1 | P9: =IFERROR(ABS(K9-$G9),"") -> 1 | Q9: =IFERROR(ABS(L9-$G9),"") -> 1 | R9: =IFERROR(M9^2,"") -> 16 | S9: =IFERROR(N9^2,"") -> 16 | T9: =IFERROR(O9^2,"") -> 1 | U9: =IFERROR(P9^2,"") -> 1 | V9: =IFERROR(Q9^2,"") -> 1
A10: Liverpool | B10: =IFERROR((VLOOKUP($A10,'21-22'!$B:$L,6,FALSE)-VLOOKUP($A10,'21-22'!$B:$L,7,FALSE))/VLOOKUP($A10,'21-22'!$B:$L,2,FALSE),"") -> 1.7894737 | C10: =IFERROR((VLOOKUP($A10,'22-23 First 5'!$B:$L,6,FALSE)-VLOOKUP($A10,'22-23 First 5'!$B:$L,7,FALSE))/VLOOKUP($A10,'22-23 First 5'!$B:$L,2,FALSE),"") -> 1.8 | D10: =IFERROR((VLOOKUP($A10,'22-23 First 10'!$B:$L,6,FALSE)-VLOOKUP($A10,'22-23 First 10'!$B:$L,7,FALSE))/VLOOKUP($A10,'22-23 First 10'!$B:$L,2,FALSE),"") -> 1 | E10: =IFERROR((VLOOKUP($A10,'22-23 First 15'!$B:$L,6,FALSE)-VLOOKUP($A10,'22-23 First 15'!$B:$L,7,FALSE))/VLOOKUP($A10,'22-23 First 15'!$B:$L,2,FALSE),"") -> 0.86666667 | F10: =IFERROR((VLOOKUP($A10,'22-23 First 20'!$B:$L,6,FALSE)-VLOOKUP($A10,'22-23 First 20'!$B:$L,7,FALSE))/VLOOKUP($A10,'22-23 First 20'!$B:$L,2,FALSE),"") -> 0.3 | G10: 5 | H10: =IFERROR(RANK(B10,$B$2:$B$21,0),"") -> 2 | I10: =IFERROR(RANK(C10,$C$2:$C$21,0),"") -> 2 | J10: =IFERROR(RANK(D10,$D$2:$D$21,0),"") -> 4 | K10: =IFERROR(RANK(E10,$E$2:$E$21,0),"") -> 4 | L10: =IFERROR(RANK(F10,$F$2:$F$21,0),"") -> 7 | M10: =IFERROR(ABS(H10-$G10),"") -> 3 | N10: =IFERROR(ABS(I10-$G10),"") -> 3 | O10: =IFERROR(ABS(J10-$G10),"") -> 1 | P10: =IFERROR(ABS(K10-$G10),"") -> 1 | Q10: =IFERROR(ABS(L10-$G10),"") -> 2 | R10: =IFERROR(M10^2,"") -> 9 | S10: =IFERROR(N10^2,"") -> 9 | T10: =IFERROR(O10^2,"") -> 1 | U10: =IFERROR(P10^2,"") -> 1 | V10: =IFERROR(Q10^2,"") -> 4
A11: Chelsea | B11: =IFERROR((VLOOKUP($A11,'21-22'!$B:$L,6,FALSE)-VLOOKUP($A11,'21-22'!$B:$L,7,FALSE))/VLOOKUP($A11,'21-22'!$B:$L,2,FALSE),"") -> 1.1315789 | C11: =IFERROR((VLOOKUP($A11,'22-23 First 5'!$B:$L,6,FALSE)-VLOOKUP($A11,'22-23 First 5'!$B:$L,7,FALSE))/VLOOKUP($A11,'22-23 First 5'!$B:$L,2,FALSE),"") -> -0.4 | D11: =IFERROR((VLOOKUP($A11,'22-23 First 10'!$B:$L,6,FALSE)-VLOOKUP($A11,'22-23 First 10'!$B:$L,7,FALSE))/VLOOKUP($A11,'22-23 First 10'!$B:$L,2,FALSE),"") -> 0.5 | E11: =IFERROR((VLOOKUP($A11,'22-23 First 15'!$B:$L,6,FALSE)-VLOOKUP($A11,'22-23 First 15'!$B:$L,7,FALSE))/VLOOKUP($A11,'22-23 First 15'!$B:$L,2,FALSE),"") -> 0.13333333 | F11: =IFERROR((VLOOKUP($A11,'22-23 First 20'!$B:$L,6,FALSE)-VLOOKUP($A11,'22-23 First 20'!$B:$L,7,FALSE))/VLOOKUP($A11,'22-23 First 20'!$B:$L,2,FALSE),"") -> 0.05 | G11: 12 | H11: =IFERROR(RANK(B11,$B$2:$B$21,0),"") -> 3 | I11: =IFERROR(RANK(C11,$C$2:$C$21,0),"") -> 10 | J11: =IFERROR(RANK(D11,$D$2:$D$21,0),"") -> 6 | K11: =IFERROR(RANK(E11,$E$2:$E$21,0),"") -> 8 | L11: =IFERROR(RANK(F11,$F$2:$F$21,0),"") -> 10 | M11: =IFERROR(ABS(H11-$G11),"") -> 9 | N11: =IFERROR(ABS(I11-$G11),"") -> 2 | O11: =IFERROR(ABS(J11-$G11),"") -> 6 | P11: =IFERROR(ABS(K11-$G11),"") -> 4 | Q11: =IFERROR(ABS(L11-$G11),"") -> 2 | R11: =IFERROR(M11^2,"") -> 81 | S11: =IFERROR(N11^2,"") -> 4 | T11: =IFERROR(O11^2,"") -> 36 | U11: =IFERROR(P11^2,"") -> 16 | V11: =IFERROR(Q11^2,"") -> 4
A12: Aston Villa | B12: =IFERROR((VLOOKUP($A12,'21-22'!$B:$L,6,FALSE)-VLOOKUP($A12,'21-22'!$B:$L,7,FALSE))/VLOOKUP($A12,'21-22'!$B:$L,2,FALSE),"") -> -0.052631579 | C12: =IFERROR((VLOOKUP($A12,'22-23 First 5'!$B:$L,6,FALSE)-VLOOKUP($A12,'22-23 First 5'!$B:$L,7,FALSE))/VLOOKUP($A12,'22-23 First 5'!$B:$L,2,FALSE),"") -> -1 | D12: =IFERROR((VLOOKUP($A12,'22-23 First 10'!$B:$L,6,FALSE)-VLOOKUP($A12,'22-23 First 10'!$B:$L,7,FALSE))/VLOOKUP($A12,'22-23 First 10'!$B:$L,2,FALSE),"") -> -0.6 | E12: =IFERROR((VLOOKUP($A12,'22-23 First 15'!$B:$L,6,FALSE)-VLOOKUP($A12,'22-23 First 15'!$B:$L,7,FALSE))/VLOOKUP($A12,'22-23 First 15'!$B:$L,2,FALSE),"") -> -0.4 | F12: =IFERROR((VLOOKUP($A12,'22-23 First 20'!$B:$L,6,FALSE)-VLOOKUP($A12,'22-23 First 20'!$B:$L,7,FALSE))/VLOOKUP($A12,'22-23 First 20'!$B:$L,2,FALSE),"") -> -0.2 | G12: 7 | H12: =IFERROR(RANK(B12,$B$2:$B$21,0),"") -> 10 | I12: =IFERROR(RANK(C12,$C$2:$C$21,0),"") -> 17 | J12: =IFERROR(RANK(D12,$D$2:$D$21,0),"") -> 15 | K12: =IFERROR(RANK(E12,$E$2:$E$21,0),"") -> 13 | L12: =IFERROR(RANK(F12,$F$2:$F$21,0),"") -> 11 | M12: =IFERROR(ABS(H12-$G12),"") -> 3 | N12: =IFERROR(ABS(I12-$G12),"") -> 10 | O12: =IFERROR(ABS(J12-$G12),"") -> 8 | P12: =IFERROR(ABS(K12-$G12),"") -> 6 | Q12: =IFERROR(ABS(L12-$G12),"") -> 4 | R12: =IFERROR(M12^2,"") -> 9 | S12: =IFERROR(N12^2,"") -> 100 | T12: =IFERROR(O12^2,"") -> 64 | U12: =IFERROR(P12^2,"") -> 36 | V12: =IFERROR(Q12^2,"") -> 16
A13: Crystal Palace | B13: =IFERROR((VLOOKUP($A13,'21-22'!$B:$L,6,FALSE)-VLOOKUP($A13,'21-22'!$B:$L,7,FALSE))/VLOOKUP($A13,'21-22'!$B:$L,2,FALSE),"") -> 0.10526316 | C13: =IFERROR((VLOOKUP($A13,'22-23 First 5'!$B:$L,6,FALSE)-VLOOKUP($A13,'22-23 First 5'!$B:$L,7,FALSE))/VLOOKUP($A13,'22-23 First 5'!$B:$L,2,FALSE),"") -> -0.4 | D13: =IFERROR((VLOOKUP($A13,'22-23 First 10'!$B:$L,6,FALSE)-VLOOKUP($A13,'22-23 First 10'!$B:$L,7,FALSE))/VLOOKUP($A13,'22-23 First 10'!$B:$L,2,FALSE),"") -> -0.1 | E13: =IFERROR((VLOOKUP($A13,'22-23 First 15'!$B:$L,6,FALSE)-VLOOKUP($A13,'22-23 First 15'!$B:$L,7,FALSE))/VLOOKUP($A13,'22-23 First 15'!$B:$L,2,FALSE),"") -> -0.4 | F13: =IFERROR((VLOOKUP($A13,'22-23 First 20'!$B:$L,6,FALSE)-VLOOKUP($A13,'22-23 First 20'!$B:$L,7,FALSE))/VLOOKUP($A13,'22-23 First 20'!$B:$L,2,FALSE),"") -> -0.45 | G13: 11 | H13: =IFERROR(RANK(B13,$B$2:$B$21,0),"") -> 7 | I13: =IFERROR(RANK(C13,$C$2:$C$21,0),"") -> 10 | J13: =IFERROR(RANK(D13,$D$2:$D$21,0),"") -> 10 | K13: =IFERROR(RANK(E13,$E$2:$E$21,0),"") -> 13 | L13: =IFERROR(RANK(F13,$F$2:$F$21,0),"") -> 15 | M13: =IFERROR(ABS(H13-$G13),"") -> 4 | N13: =IFERROR(ABS(I13-$G13),"") -> 1 | O13: =IFERROR(ABS(J13-$G13),"") -> 1 | P13: =IFERROR(ABS(K13-$G13),"") -> 2 | Q13: =IFERROR(ABS(L13-$G13),"") -> 4 | R13: =IFERROR(M13^2,"") -> 16 | S13: =IFERROR(N13^2,"") -> 1 | T13: =IFERROR(O13^2,"") -> 1 | U13: =IFERROR(P13^2,"") -> 4 | V13: =IFERROR(Q13^2,"") -> 16
A14: Nottingham Forest | B14: =IFERROR((VLOOKUP($A14,'21-22'!$B:$L,6,FALSE)-VLOOKUP($A14,'21-22'!$B:$L,7,FALSE))/VLOOKUP($A14,'21-22'!$B:$L,2,FALSE),"") | C14: =IFERROR((VLOOKUP($A14,'22-23 First 5'!$B:$L,6,FALSE)-VLOOKUP($A14,'22-23 First 5'!$B:$L,7,FALSE))/VLOOKUP($A14,'22-23 First 5'!$B:$L,2,FALSE),"") -> -1.8 | D14: =IFERROR((VLOOKUP($A14,'22-23 First 10'!$B:$L,6,FALSE)-VLOOKUP($A14,'22-23 First 10'!$B:$L,7,FALSE))/VLOOKUP($A14,'22-23 First 10'!$B:$L,2,FALSE),"") -> -1.6 | E14: =IFERROR((VLOOKUP($A14,'22-23 First 15'!$B:$L,6,FALSE)-VLOOKUP($A14,'22-23 First 15'!$B:$L,7,FALSE))/VLOOKUP($A14,'22-23 First 15'!$B:$L,2,FALSE),"") -> -1.2666667 | F14: =IFERROR((VLOOKUP($A14,'22-23 First 20'!$B:$L,6,FALSE)-VLOOKUP($A14,'22-23 First 20'!$B:$L,7,FALSE))/VLOOKUP($A14,'22-23 First 20'!$B:$L,2,FALSE),"") -> -0.95 | G14: 16 | H14: =IFERROR(RANK(B14,$B$2:$B$21,0),"") | I14: =IFERROR(RANK(C14,$C$2:$C$21,0),"") -> 19 | J14: =IFERROR(RANK(D14,$D$2:$D$21,0),"") -> 20 | K14: =IFERROR(RANK(E14,$E$2:$E$21,0),"") -> 20 | L14: =IFERROR(RANK(F14,$F$2:$F$21,0),"") -> 19 | M14: =IFERROR(ABS(H14-$G14),"") | N14: =IFERROR(ABS(I14-$G14),"") -> 3 | O14: =IFERROR(ABS(J14-$G14),"") -> 4 | P14: =IFERROR(ABS(K14-$G14),"") -> 4 | Q14: =IFERROR(ABS(L14-$G14),"") -> 3 | R14: =IFERROR(M14^2,"") | S14: =IFERROR(N14^2,"") -> 9 | T14: =IFERROR(O14^2,"") -> 16 | U14: =IFERROR(P14^2,"") -> 16 | V14: =IFERROR(Q14^2,"") -> 9
A15: Leicester | B15: =IFERROR((VLOOKUP($A15,'21-22'!$B:$L,6,FALSE)-VLOOKUP($A15,'21-22'!$B:$L,7,FALSE))/VLOOKUP($A15,'21-22'!$B:$L,2,FALSE),"") -> 0.078947368 | C15: =IFERROR((VLOOKUP($A15,'22-23 First 5'!$B:$L,6,FALSE)-VLOOKUP($A15,'22-23 First 5'!$B:$L,7,FALSE))/VLOOKUP($A15,'22-23 First 5'!$B:$L,2,FALSE),"") -> -1 | D15: =IFERROR((VLOOKUP($A15,'22-23 First 10'!$B:$L,6,FALSE)-VLOOKUP($A15,'22-23 First 10'!$B:$L,7,FALSE))/VLOOKUP($A15,'22-23 First 10'!$B:$L,2,FALSE),"") -> -0.9 | E15: =IFERROR((VLOOKUP($A15,'22-23 First 15'!$B:$L,6,FALSE)-VLOOKUP($A15,'22-23 First 15'!$B:$L,7,FALSE))/VLOOKUP($A15,'22-23 First 15'!$B:$L,2,FALSE),"") -> 0 | F15: =IFERROR((VLOOKUP($A15,'22-23 First 20'!$B:$L,6,FALSE)-VLOOKUP($A15,'22-23 First 20'!$B:$L,7,FALSE))/VLOOKUP($A15,'22-23 First 20'!$B:$L,2,FALSE),"") -> -0.35 | G15: 18 | H15: =IFERROR(RANK(B15,$B$2:$B$21,0),"") -> 8 | I15: =IFERROR(RANK(C15,$C$2:$C$21,0),"") -> 17 | J15: =IFERROR(RANK(D15,$D$2:$D$21,0),"") -> 17 | K15: =IFERROR(RANK(E15,$E$2:$E$21,0),"") -> 9 | L15: =IFERROR(RANK(F15,$F$2:$F$21,0),"") -> 12 | M15: =IFERROR(ABS(H15-$G15),"") -> 10 | N15: =IFERROR(ABS(I15-$G15),"") -> 1 | O15: =IFERROR(ABS(J15-$G15),"") -> 1 | P15: =IFERROR(ABS(K15-$G15),"") -> 9 | Q15: =IFERROR(ABS(L15-$G15),"") -> 6 | R15: =IFERROR(M15^2,"") -> 100 | S15: =IFERROR(N15^2,"") -> 1 | T15: =IFERROR(O15^2,"") -> 1 | U15: =IFERROR(P15^2,"") -> 81 | V15: =IFERROR(Q15^2,"") -> 36
A16: Leeds | B16: =IFERROR((VLOOKUP($A16,'21-22'!$B:$L,6,FALSE)-VLOOKUP($A16,'21-22'!$B:$L,7,FALSE))/VLOOKUP($A16,'21-22'!$B:$L,2,FALSE),"") -> -0.97368421 | C16: =IFERROR((VLOOKUP($A16,'22-23 First 5'!$B:$L,6,FALSE)-VLOOKUP($A16,'22-23 First 5'!$B:$L,7,FALSE))/VLOOKUP($A16,'22-23 First 5'!$B:$L,2,FALSE),"") -> 0.6 | D16: =IFERROR((VLOOKUP($A16,'22-23 First 10'!$B:$L,6,FALSE)-VLOOKUP($A16,'22-23 First 10'!$B:$L,7,FALSE))/VLOOKUP($A16,'22-23 First 10'!$B:$L,2,FALSE),"") -> -0.4 | E16: =IFERROR((VLOOKUP($A16,'22-23 First 15'!$B:$L,6,FALSE)-VLOOKUP($A16,'22-23 First 15'!$B:$L,7,FALSE))/VLOOKUP($A16,'22-23 First 15'!$B:$L,2,FALSE),"") -> -0.4 | F16: =IFERROR((VLOOKUP($A16,'22-23 First 20'!$B:$L,6,FALSE)-VLOOKUP($A16,'22-23 First 20'!$B:$L,7,FALSE))/VLOOKUP($A16,'22-23 First 20'!$B:$L,2,FALSE),"") -> -0.4 | G16: 19 | H16: =IFERROR(RANK(B16,$B$2:$B$21,0),"") -> 17 | I16: =IFERROR(RANK(C16,$C$2:$C$21,0),"") -> 5 | J16: =IFERROR(RANK(D16,$D$2:$D$21,0),"") -> 13 | K16: =IFERROR(RANK(E16,$E$2:$E$21,0),"") -> 13 | L16: =IFERROR(RANK(F16,$F$2:$F$21,0),"") -> 13 | M16: =IFERROR(ABS(H16-$G16),"") -> 2 | N16: =IFERROR(ABS(I16-$G16),"") -> 14 | O16: =IFERROR(ABS(J16-$G16),"") -> 6 | P16: =IFERROR(ABS(K16-$G16),"") -> 6 | Q16: =IFERROR(ABS(L16-$G16),"") -> 6 | R16: =IFERROR(M16^2,"") -> 4 | S16: =IFERROR(N16^2,"") -> 196 | T16: =IFERROR(O16^2,"") -> 36 | U16: =IFERROR(P16^2,"") -> 36 | V16: =IFERROR(Q16^2,"") -> 36
A17: West Ham | B17: =IFERROR((VLOOKUP($A17,'21-22'!$B:$L,6,FALSE)-VLOOKUP($A17,'21-22'!$B:$L,7,FALSE))/VLOOKUP($A17,'21-22'!$B:$L,2,FALSE),"") -> 0.23684211 | C17: =IFERROR((VLOOKUP($A17,'22-23 First 5'!$B:$L,6,FALSE)-VLOOKUP($A17,'22-23 First 5'!$B:$L,7,FALSE))/VLOOKUP($A17,'22-23 First 5'!$B:$L,2,FALSE),"") -> -0.8 | D17: =IFERROR((VLOOKUP($A17,'22-23 First 10'!$B:$L,6,FALSE)-VLOOKUP($A17,'22-23 First 10'!$B:$L,7,FALSE))/VLOOKUP($A17,'22-23 First 10'!$B:$L,2,FALSE),"") -> -0.2 | E17: =IFERROR((VLOOKUP($A17,'22-23 First 15'!$B:$L,6,FALSE)-VLOOKUP($A17,'22-23 First 15'!$B:$L,7,FALSE))/VLOOKUP($A17,'22-23 First 15'!$B:$L,2,FALSE),"") -> -0.33333333 | F17: =IFERROR((VLOOKUP($A17,'22-23 First 20'!$B:$L,6,FALSE)-VLOOKUP($A17,'22-23 First 20'!$B:$L,7,FALSE))/VLOOKUP($A17,'22-23 First 20'!$B:$L,2,FALSE),"") -> -0.4 | G17: 14 | H17: =IFERROR(RANK(B17,$B$2:$B$21,0),"") -> 6 | I17: =IFERROR(RANK(C17,$C$2:$C$21,0),"") -> 16 | J17: =IFERROR(RANK(D17,$D$2:$D$21,0),"") -> 11 | K17: =IFERROR(RANK(E17,$E$2:$E$21,0),"") -> 12 | L17: =IFERROR(RANK(F17,$F$2:$F$21,0),"") -> 13 | M17: =IFERROR(ABS(H17-$G17),"") -> 8 | N17: =IFERROR(ABS(I17-$G17),"") -> 2 | O17: =IFERROR(ABS(J17-$G17),"") -> 3 | P17: =IFERROR(ABS(K17-$G17),"") -> 2 | Q17: =IFERROR(ABS(L17-$G17),"") -> 1 | R17: =IFERROR(M17^2,"") -> 64 | S17: =IFERROR(N17^2,"") -> 4 | T17: =IFERROR(O17^2,"") -> 9 | U17: =IFERROR(P17^2,"") -> 4 | V17: =IFERROR(Q17^2,"") -> 1
... A21: Southampton | B21: =IFERROR((VLOOKUP($A21,'21-22'!$B:$L,6,FALSE)-VLOOKUP($A21,'21-22'!$B:$L,7,FALSE))/VLOOKUP($A21,'21-22'!$B:$L,2,FALSE),"") -> -0.63157895 | C21: =IFERROR((VLOOKUP($A21,'22-23 First 5'!$B:$L,6,FALSE)-VLOOKUP($A21,'22-23 First 5'!$B:$L,7,FALSE))/VLOOKUP($A21,'22-23 First 5'!$B:$L,2,FALSE),"") -> -0.4 | D21: =IFERROR((VLOOKUP($A21,'22-23 First 10'!$B:$L,6,FALSE)-VLOOKUP($A21,'22-23 First 10'!$B:$L,7,FALSE))/VLOOKUP($A21,'22-23 First 10'!$B:$L,2,FALSE),"") -> -0.9 | E21: =IFERROR((VLOOKUP($A21,'22-23 First 15'!$B:$L,6,FALSE)-VLOOKUP($A21,'22-23 First 15'!$B:$L,7,FALSE))/VLOOKUP($A21,'22-23 First 15'!$B:$L,2,FALSE),"") -> -0.93333333 | F21: =IFERROR((VLOOKUP($A21,'22-23 First 20'!$B:$L,6,FALSE)-VLOOKUP($A21,'22-23 First 20'!$B:$L,7,FALSE))/VLOOKUP($A21,'22-23 First 20'!$B:$L,2,FALSE),"") -> -0.9 | G21: 20 | H21: =IFERROR(RANK(B21,$B$2:$B$21,0),"") -> 16 | I21: =IFERROR(RANK(C21,$C$2:$C$21,0),"") -> 10 | J21: =IFERROR(RANK(D21,$D$2:$D$21,0),"") -> 17 | K21: =IFERROR(RANK(E21,$E$2:$E$21,0),"") -> 17 | L21: =IFERROR(RANK(F21,$F$2:$F$21,0),"") -> 17 | M21: =IFERROR(ABS(H21-$G21),"") -> 4 | N21: =IFERROR(ABS(I21-$G21),"") -> 10 | O21: =IFERROR(ABS(J21-$G21),"") -> 3 | P21: =IFERROR(ABS(K21-$G21),"") -> 3 | Q21: =IFERROR(ABS(L21-$G21),"") -> 3 | R21: =IFERROR(M21^2,"") -> 16 | S21: =IFERROR(N21^2,"") -> 100 | T21: =IFERROR(O21^2,"") -> 9 | U21: =IFERROR(P21^2,"") -> 9 | V21: =IFERROR(Q21^2,"") -> 9
