Workbook

Sheet 22-23
A1: number | B1: team | C1: matches | D1: wins | E1: draws | F1: loses | G1: goals | H1: ga | I1: points | J1: xG | K1: xGA | L1: xPTS
A2: 1 | B2: Manchester City | C2: 38 | D2: 28 | E2: 5 | F2: 5 | G2: 94 | H2: 33 | I2: 89 | J2: 84.32 | K2: 34.21 | L2: 83.04
A3: 2 | B3: Arsenal | C3: 38 | D3: 26 | E3: 6 | F3: 6 | G3: 88 | H3: 43 | I3: 84 | J3: 76.51 | K3: 45.16 | L3: 72.53
A4: 3 | B4: Manchester United | C4: 38 | D4: 23 | E4: 6 | F4: 9 | G4: 58 | H4: 43 | I4: 75 | J4: 71.9 | K4: 50.29 | L4: 66.4
A5: 4 | B5: Newcastle United | C5: 38 | D5: 19 | E5: 14 | F5: 5 | G5: 68 | H5: 33 | I5: 71 | J5: 76.98 | K5: 41.86 | L5: 71.67
A6: 5 | B6: Liverpool | C6: 38 | D6: 19 | E6: 10 | F6: 9 | G6: 75 | H6: 47 | I6: 67 | J6: 80.77 | K6: 55.77 | L6: 67.37
A7: 6 | B7: Brighton | C7: 38 | D7: 18 | E7: 8 | F7: 12 | G7: 72 | H7: 53 | I7: 62 | J7: 77.72 | K7: 50.15 | L7: 70.86
A8: 7 | B8: Aston Villa | C8: 38 | D8: 18 | E8: 7 | F8: 13 | G8: 51 | H8: 46 | I8: 61 | J8: 50 | K8: 53.96 | L8: 54.37
A9: 8 | B9: Tottenham | C9: 38 | D9: 18 | E9: 6 | F9: 14 | G9: 70 | H9: 63 | I9: 60 | J9: 57.83 | K9: 51.66 | L9: 57.6
A10: 9 | B10: Brentford | C10: 38 | D10: 15 | E10: 14 | F10: 9 | G10: 58 | H10: 46 | I10: 59 | J10: 59.23 | K10: 51.45 | L10: 58.26
A11: 10 | B11: Fulham | C11: 38 | D11: 15 | E11: 7 | F11: 16 | G11: 55 | H11: 53 | I11: 52 | J11: 47.98 | K11: 71.49 | L11: 39.24
A12: 11 | B12: Crystal Palace | C12: 38 | D12: 11 | E12: 12 | F12: 15 | G12: 40 | H12: 49 | I12: 45 | J12: 40.72 | K12: 51.63 | L12: 44.24
A13: 12 | B13: Chelsea | C13: 38 | D13: 11 | E13: 11 | F13: 16 | G13: 38 | H13: 47 | I13: 44 | J13: 51.89 | K13: 54.02 | L13: 52.28
... A21: 20 | B21: Southampton | C21: 38 | D21: 6 | E21: 7 | F21: 25 | G21: 36 | H21: 73 | I21: 25 | J21: 39.27 | K21: 62.9 | L21: 36.47

Sheet 23-24 First 5
A1: number | B1: team | C1: matches | D1: wins | E1: draws | F1: loses | G1: goals | H1: ga | I1: points | J1: xG | K1: xGA | L1: xPTS
A2: 1 | B2: Manchester City | C2: 5 | D2: 5 | E2: 0 | F2: 0 | G2: 14 | H2: 3 | I2: 15 | J2: 13.63 | K2: 3.69 | L2: 12.65
A3: 2 | B3: Tottenham | C3: 5 | D3: 4 | E3: 1 | F3: 0 | G3: 13 | H3: 5 | I3: 13 | J3: 10.81 | K3: 7.29 | L3: 9.29
A4: 3 | B4: Liverpool | C4: 5 | D4: 4 | E4: 1 | F4: 0 | G4: 12 | H4: 4 | I4: 13 | J4: 10.97 | K4: 6.09 | L4: 9.76
A5: 4 | B5: Arsenal | C5: 5 | D5: 4 | E5: 1 | F5: 0 | G5: 9 | H5: 4 | I5: 13 | J5: 8.99 | K5: 4.13 | L5: 10.11
A6: 5 | B6: Brighton | C6: 5 | D6: 4 | E6: 0 | F6: 1 | G6: 15 | H6: 7 | I6: 12 | J6: 12.16 | K6: 9.15 | L6: 8.88
A7: 6 | B7: West Ham | C7: 5 | D7: 3 | E7: 1 | F7: 1 | G7: 10 | H7: 7 | I7: 10 | J7: 8.27 | K7: 10.67 | L7: 6.03
A8: 7 | B8: Aston Villa | C8: 5 | D8: 3 | E8: 0 | F8: 2 | G8: 11 | H8: 10 | I8: 9 | J8: 10.5 | K8: 9.52 | L8: 8.21
A9: 8 | B9: Nottingham Forest | C9: 5 | D9: 2 | E9: 1 | F9: 2 | G9: 7 | H9: 7 | I9: 7 | J9: 5.15 | K9: 7.51 | L9: 5.54
A10: 9 | B10: Crystal Palace | C10: 5 | D10: 2 | E10: 1 | F10: 2 | G10: 6 | H10: 7 | I10: 7 | J10: 7.85 | K10: 7.03 | L10: 7.44
A11: 10 | B11: Fulham | C11: 5 | D11: 2 | E11: 1 | F11: 2 | G11: 5 | H11: 10 | I11: 7 | J11: 6.05 | K11: 12.75 | L11: 3.3
A12: 11 | B12: Brentford | C12: 5 | D12: 1 | E12: 3 | F12: 1 | G12: 8 | H12: 6 | I12: 6 | J12: 10.03 | K12: 6.53 | L12: 8.51
A13: 12 | B13: Newcastle United | C13: 5 | D13: 2 | E13: 0 | F13: 3 | G13: 8 | H13: 7 | I13: 6 | J13: 8.61 | K13: 5.52 | L13: 8.35
... A21: 20 | B21: Luton | C21: 5 | D21: 0 | E21: 1 | F21: 4 | G21: 3 | H21: 11 | I21: 1 | J21: 8.07 | K21: 11.53 | L21: 5.89

Sheet 23-24 First 10
A1: number | B1: team | C1: matches | D1: wins | E1: draws | F1: loses | G1: goals | H1: ga | I1: points | J1: xG | K1: xGA | L1: xPTS
A2: 1 | B2: Tottenham | C2: 10 | D2: 8 | E2: 2 | F2: 0 | G2: 22 | H2: 9 | I2: 26 | J2: 20.21 | K2: 12.92 | L2: 19.02
A3: 2 | B3: Arsenal | C3: 10 | D3: 7 | E3: 3 | F3: 0 | G3: 23 | H3: 8 | I3: 24 | J3: 19.89 | K3: 9.6 | L3: 19.08
A4: 3 | B4: Manchester City | C4: 10 | D4: 8 | E4: 0 | F4: 2 | G4: 22 | H4: 7 | I4: 24 | J4: 22.31 | K4: 7.16 | L4: 22.27
A5: 4 | B5: Liverpool | C5: 10 | D5: 7 | E5: 2 | F5: 1 | G5: 23 | H5: 9 | I5: 23 | J5: 23.73 | K5: 12.79 | L5: 20.28
A6: 5 | B6: Aston Villa | C6: 10 | D6: 7 | E6: 1 | F6: 2 | G6: 26 | H6: 14 | I6: 22 | J6: 20.77 | K6: 15.32 | L6: 17.81
A7: 6 | B7: Newcastle United | C7: 10 | D7: 5 | E7: 2 | F7: 3 | G7: 26 | H7: 11 | I7: 17 | J7: 24.83 | K7: 9.79 | L7: 21.61
A8: 7 | B8: Brighton | C8: 10 | D8: 5 | E8: 2 | F8: 3 | G8: 23 | H8: 19 | I8: 17 | J8: 20.55 | K8: 16.67 | L8: 16.44
A9: 8 | B9: Manchester United | C9: 10 | D9: 5 | E9: 0 | F9: 5 | G9: 11 | H9: 16 | I9: 15 | J9: 15 | K9: 18.18 | L9: 12.58
A10: 9 | B10: West Ham | C10: 10 | D10: 4 | E10: 2 | F10: 4 | G10: 16 | H10: 17 | I10: 14 | J10: 15.22 | K10: 20.78 | L10: 10.91
A11: 10 | B11: Brentford | C11: 10 | D11: 3 | E11: 4 | F11: 3 | G11: 16 | H11: 12 | I11: 13 | J11: 20.03 | K11: 13.55 | L11: 17.19
A12: 11 | B12: Chelsea | C12: 10 | D12: 3 | E12: 3 | F12: 4 | G12: 13 | H12: 11 | I12: 12 | J12: 19.23 | K12: 12.47 | L12: 18.19
A13: 12 | B13: Wolverhampton Wanderers | C13: 10 | D13: 3 | E13: 3 | F13: 4 | G13: 13 | H13: 17 | I13: 12 | J13: 13.86 | K13: 20.56 | L13: 9.41
... A21: 20 | B21: Sheffield United | C21: 10 | D21: 0 | E21: 1 | F21: 9 | G21: 7 | H21: 29 | I21: 1 | J21: 7.28 | K21: 27.46 | L21: 3.76

Sheet 23-24 First 15
A1: number | B1: team | C1: matches | D1: wins | E1: draws | F1: loses | G1: goals | H1: ga | I1: points | J1: xG | K1: xGA | L1: xPTS
A2: 1 | B2: Arsenal | C2: 15 | D2: 11 | E2: 3 | F2: 1 | G2: 33 | H2: 14 | I2: 36 | J2: 30.77 | K2: 14.31 | L2: 29.49
A3: 2 | B3: Liverpool | C3: 15 | D3: 10 | E3: 4 | F3: 1 | G3: 34 | H3: 14 | I3: 34 | J3: 33.63 | K3: 19.72 | L3: 29.12
A4: 3 | B4: Aston Villa | C4: 15 | D4: 10 | E4: 2 | F4: 3 | G4: 34 | H4: 20 | I4: 32 | J4: 30.45 | K4: 22.34 | L4: 26.74
A5: 4 | B5: Manchester City | C5: 15 | D5: 9 | E5: 3 | F5: 3 | G5: 36 | H5: 17 | I5: 30 | J5: 33.61 | K5: 14.67 | L5: 31.45
A6: 5 | B6: Tottenham | C6: 15 | D6: 8 | E6: 3 | F6: 4 | G6: 29 | H6: 22 | I6: 27 | J6: 25.88 | K6: 25.93 | L6: 22.04
A7: 6 | B7: Manchester United | C7: 15 | D7: 9 | E7: 0 | F7: 6 | G7: 18 | H7: 18 | I7: 27 | J7: 24.97 | K7: 27.52 | L7: 19.86
A8: 7 | B8: Newcastle United | C8: 15 | D8: 8 | E8: 2 | F8: 5 | G8: 32 | H8: 17 | I8: 26 | J8: 32.61 | K8: 17.45 | L8: 29.24
A9: 8 | B9: Brighton | C9: 15 | D9: 7 | E9: 4 | F9: 4 | G9: 32 | H9: 27 | I9: 25 | J9: 25.69 | K9: 23.25 | L9: 21.94
A10: 9 | B10: West Ham | C10: 15 | D10: 7 | E10: 3 | F10: 5 | G10: 26 | H10: 25 | I10: 24 | J10: 23.29 | K10: 28.07 | L10: 18.28
A11: 10 | B11: Everton | C11: 15 | D11: 6 | E11: 2 | F11: 7 | G11: 18 | H11: 20 | I11: 20 | J11: 26.88 | K11: 21.95 | L11: 23.95
A12: 11 | B12: Chelsea | C12: 15 | D12: 5 | E12: 4 | F12: 6 | G12: 26 | H12: 24 | I12: 19 | J12: 31.74 | K12: 23.67 | L12: 25.85
A13: 12 | B13: Brentford | C13: 15 | D13: 5 | E13: 4 | F13: 6 | G13: 23 | H13: 21 | I13: 19 | J13: 29.45 | K13: 20.46 | L13: 25.16
... A21: 20 | B21: Sheffield United | C21: 15 | D21: 1 | E21: 2 | F21: 12 | G21: 11 | H21: 41 | I21: 5 | J21: 11.5 | K21: 37.24 | L21: 7.24

Sheet 23-24 First 20
A1: number | B1: team | C1: matches | D1: wins | E1: draws | F1: loses | G1: goals | H1: ga | I1: points | J1: xG | K1: xGA | L1: xPTS
A2: 1 | B2: Liverpool | C2: 20 | D2: 13 | E2: 6 | F2: 1 | G2: 43 | H2: 18 | I2: 45 | J2: 46.31 | K2: 24.88 | L2: 38.79
A3: 2 | B3: Aston Villa | C3: 20 | D3: 13 | E3: 3 | F3: 4 | G3: 43 | H3: 27 | I3: 42 | J3: 38.53 | K3: 27.82 | L3: 35.42
A4: 3 | B4: Manchester City | C4: 20 | D4: 13 | E4: 4 | F4: 3 | G4: 48 | H4: 23 | I4: 43 | J4: 45.34 | K4: 19.74 | L4: 43.09
A5: 4 | B5: Arsenal | C5: 20 | D5: 12 | E5: 4 | F5: 4 | G5: 37 | H5: 20 | I5: 40 | J5: 40.56 | K5: 19.71 | L5: 39.24
A6: 5 | B6: Tottenham | C6: 20 | D6: 12 | E6: 3 | F6: 5 | G6: 42 | H6: 29 | I6: 39 | J6: 37.68 | K6: 36.66 | L6: 29.43
A7: 6 | B7: West Ham | C7: 20 | D7: 10 | E7: 4 | F7: 6 | G7: 33 | H7: 30 | I7: 34 | J7: 29.41 | K7: 36.49 | L7: 23.88
A8: 7 | B8: Brighton | C8: 20 | D8: 8 | E8: 7 | F8: 5 | G8: 38 | H8: 33 | I8: 31 | J8: 36.65 | K8: 31.77 | L8: 30.5
A9: 8 | B9: Manchester United | C9: 20 | D9: 10 | E9: 1 | F9: 9 | G9: 22 | H9: 27 | I9: 31 | J9: 29.3 | K9: 35.56 | L9: 23.78
A10: 9 | B10: Newcastle United | C10: 20 | D10: 9 | E10: 2 | F10: 9 | G10: 39 | H10: 29 | I10: 29 | J10: 43.62 | K10: 33.92 | L10: 34.59
A11: 10 | B11: Chelsea | C11: 20 | D11: 8 | E11: 4 | F11: 8 | G11: 34 | H11: 31 | I11: 28 | J11: 41.96 | K11: 30.57 | L11: 34.39
A12: 11 | B12: Wolverhampton Wanderers | C12: 20 | D12: 8 | E12: 4 | F12: 8 | G12: 30 | H12: 31 | I12: 28 | J12: 28.56 | K12: 35.79 | L12: 22.88
A13: 12 | B13: Everton | C13: 20 | D13: 8 | E13: 2 | F13: 10 | G13: 24 | H13: 28 | I13: 26 | J13: 33.95 | K13: 30.15 | L13: 30.4
... A21: 20 | B21: Sheffield United | C21: 20 | D21: 2 | E21: 3 | F21: 15 | G21: 15 | H21: 49 | I21: 9 | J21: 17.31 | K21: 45.34 | L21: 12.64

Sheet Sheet1
A1: Team | B1: 22-23 GD/Game | C1: 23-24 GD/Game 5 | D1: 23-24 GD/Game 10 | E1: 23-24 GD/Game 15 | F1: 23-24 GD/Game 20 | G1: Final Rank | H1: Rank 22-23 | I1: Rank 5 | J1: Rank 10 | K1: Rank 15 | L1: Rank 20 | M1: Error 22-23 | N1: Error 5 | O1: Error 10 | P1: Error 15 | Q1: Error 20 | R1: Sq Error 22-23 | S1: Sq Error 5 | T1: Sq Error 10 | U1: Sq Error 15 | V1: Sq Error 20 | X1: Games | Y1: Current MAE | Z1: Current RMSE | AA1: Last Season MAE | AB1: Last Season RMSE
A2: Liverpool | B2: =IFERROR((VLOOKUP($A2,'22-23'!$B:$L,6,FALSE)-VLOOKUP($A2,'22-23'!$B:$L,7,FALSE))/VLOOKUP($A2,'22-23'!$B:$L,2,FALSE),"") -> 0.73684211 | C2: =IFERROR((VLOOKUP($A2,'23-24 First 5'!$B:$L,6,FALSE)-VLOOKUP($A2,'23-24 First 5'!$B:$L,7,FALSE))/VLOOKUP($A2,'23-24 First 5'!$B:$L,2,FALSE),"") -> 1.6 | D2: =IFERROR((VLOOKUP($A2,'23-24 First 10'!$B:$L,6,FALSE)-VLOOKUP($A2,'23-24 First 10'!$B:$L,7,FALSE))/VLOOKUP($A2,'23-24 First 10'!$B:$L,2,FALSE),"") -> 1.4 | E2: =IFERROR((VLOOKUP($A2,'23-24 First 15'!$B:$L,6,FALSE)-VLOOKUP($A2,'23-24 First 15'!$B:$L,7,FALSE))/VLOOKUP($A2,'23-24 First 15'!$B:$L,2,FALSE),"") -> 1.3333333 | F2: =IFERROR((VLOOKUP($A2,'23-24 First 20'!$B:$L,6,FALSE)-VLOOKUP($A2,'23-24 First 20'!$B:$L,7,FALSE))/VLOOKUP($A2,'23-24 First 20'!$B:$L,2,FALSE),"") -> 1.25 | G2: 3 | H2: =IFERROR(RANK(B2,$B$2:$B$21,0),"") -> 4 | I2: =IFERROR(RANK(C2,$C$2:$C$21,0),"") -> 2 | J2: =IFERROR(RANK(D2,$D$2:$D$21,0),"") -> 4 | K2: =IFERROR(RANK(E2,$E$2:$E$21,0),"") -> 1 | L2: =IFERROR(RANK(F2,$F$2:$F$21,0),"") -> 1 | M2: =IFERROR(ABS(H2-$G2),"") -> 1 | N2: =IFERROR(ABS(I2-$G2),"") -> 1 | O2: =IFERROR(ABS(J2-$G2),"") -> 1 | P2: =IFERROR(ABS(K2-$G2),"") -> 2 | Q2: =IFERROR(ABS(L2-$G2),"") -> 2 | R2: =IFERROR(M2^2,"") -> 1 | S2: =IFERROR(N2^2,"") -> 1 | T2: =IFERROR(O2^2,"") -> 1 | U2: =IFERROR(P2^2,"") -> 4 | V2: =IFERROR(Q2^2,"") -> 4 | X2: 5 | Y2: =AVERAGE(N$2:N$21) -> 3.5 | Z2: =SQRT(AVERAGE(S$2:S$21)) -> 4.3588989 | AA2: =AVERAGE($M$2:$M$21) -> 3 | AB2: =SQRT(AVERAGE($R$2:$R$21)) -> 3.8424869
A3: Aston Villa | B3: =IFERROR((VLOOKUP($A3,'22-23'!$B:$L,6,FALSE)-VLOOKUP($A3,'22-23'!$B:$L,7,FALSE))/VLOOKUP($A3,'22-23'!$B:$L,2,FALSE),"") -> 0.13157895 | C3: =IFERROR((VLOOKUP($A3,'23-24 First 5'!$B:$L,6,FALSE)-VLOOKUP($A3,'23-24 First 5'!$B:$L,7,FALSE))/VLOOKUP($A3,'23-24 First 5'!$B:$L,2,FALSE),"") -> 0.2 | D3: =IFERROR((VLOOKUP($A3,'23-24 First 10'!$B:$L,6,FALSE)-VLOOKUP($A3,'23-24 First 10'!$B:$L,7,FALSE))/VLOOKUP($A3,'23-24 First 10'!$B:$L,2,FALSE),"") -> 1.2 | E3: =IFERROR((VLOOKUP($A3,'23-24 First 15'!$B:$L,6,FALSE)-VLOOKUP($A3,'23-24 First 15'!$B:$L,7,FALSE))/VLOOKUP($A3,'23-24 First 15'!$B:$L,2,FALSE),"") -> 0.93333333 | F3: =IFERROR((VLOOKUP($A3,'23-24 First 20'!$B:$L,6,FALSE)-VLOOKUP($A3,'23-24 First 20'!$B:$L,7,FALSE))/VLOOKUP($A3,'23-24 First 20'!$B:$L,2,FALSE),"") -> 0.8 | G3: 4 | H3: =IFERROR(RANK(B3,$B$2:$B$21,0),"") -> 9 | I3: =IFERROR(RANK(C3,$C$2:$C$21,0),"") -> 8 | J3: =IFERROR(RANK(D3,$D$2:$D$21,0),"") -> 6 | K3: =IFERROR(RANK(E3,$E$2:$E$21,0),"") -> 5 | L3: =IFERROR(RANK(F3,$F$2:$F$21,0),"") -> 4 | M3: =IFERROR(ABS(H3-$G3),"") -> 5 | N3: =IFERROR(ABS(I3-$G3),"") -> 4 | O3: =IFERROR(ABS(J3-$G3),"") -> 2 | P3: =IFERROR(ABS(K3-$G3),"") -> 1 | Q3: =IFERROR(ABS(L3-$G3),"") -> 0 | R3: =IFERROR(M3^2,"") -> 25 | S3: =IFERROR(N3^2,"") -> 16 | T3: =IFERROR(O3^2,"") -> 4 | U3: =IFERROR(P3^2,"") -> 1 | V3: =IFERROR(Q3^2,"") -> 0 | X3: 10 | Y3: =AVERAGE(O$2:O$21) -> 2.8 | Z3: =SQRT(AVERAGE(T$2:T$21)) -> 3.6742346 | AA3: =AVERAGE($M$2:$M$21) -> 3 | AB3: =SQRT(AVERAGE($R$2:$R$21)) -> 3.8424869
A4: Manchester City | B4: =IFERROR((VLOOKUP($A4,'22-23'!$B:$L,6,FALSE)-VLOOKUP($A4,'22-23'!$B:$L,7,FALSE))/VLOOKUP($A4,'22-23'!$B:$L,2,FALSE),"") -> 1.6052632 | C4: =IFERROR((VLOOKUP($A4,'23-24 First 5'!$B:$L,6,FALSE)-VLOOKUP($A4,'23-24 First 5'!$B:$L,7,FALSE))/VLOOKUP($A4,'23-24 First 5'!$B:$L,2,FALSE),"") -> 2.2 | D4: =IFERROR((VLOOKUP($A4,'23-24 First 10'!$B:$L,6,FALSE)-VLOOKUP($A4,'23-24 First 10'!$B:$L,7,FALSE))/VLOOKUP($A4,'23-24 First 10'!$B:$L,2,FALSE),"") -> 1.5 | E4: =IFERROR((VLOOKUP($A4,'23-24 First 15'!$B:$L,6,FALSE)-VLOOKUP($A4,'23-24 First 15'!$B:$L,7,FALSE))/VLOOKUP($A4,'23-24 First 15'!$B:$L,2,FALSE),"") -> 1.2666667 | F4: =IFERROR((VLOOKUP($A4,'23-24 First 20'!$B:$L,6,FALSE)-VLOOKUP($A4,'23-24 First 20'!$B:$L,7,FALSE))/VLOOKUP($A4,'23-24 First 20'!$B:$L,2,FALSE),"") -> 1.25 | G4: 1 | H4: =IFERROR(RANK(B4,$B$2:$B$21,0),"") -> 1 | I4: =IFERROR(RANK(C4,$C$2:$C$21,0),"") -> 1 | J4: =IFERROR(RANK(D4,$D$2:$D$21,0),"") -> 1 | K4: =IFERROR(RANK(E4,$E$2:$E$21,0),"") -> 2 | L4: =IFERROR(RANK(F4,$F$2:$F$21,0),"") -> 1 | M4: =IFERROR(ABS(H4-$G4),"") -> 0 | N4: =IFERROR(ABS(I4-$G4),"") -> 0 | O4: =IFERROR(ABS(J4-$G4),"") -> 0 | P4: =IFERROR(ABS(K4-$G4),"") -> 1 | Q4: =IFERROR(ABS(L4-$G4),"") -> 0 | R4: =IFERROR(M4^2,"") -> 0 | S4: =IFERROR(N4^2,"") -> 0 | T4: =IFERROR(O4^2,"") -> 0 | U4: =IFERROR(P4^2,"") -> 1 | V4: =IFERROR(Q4^2,"") -> 0 | X4: 15 | Y4: =AVERAGE(P$2:P$21) -> 2.05 | Z4: =SQRT(AVERAGE(U$2:U$21)) -> 2.9240383 | AA4: =AVERAGE($M$2:$M$21) -> 3 | AB4: =SQRT(AVERAGE($R$2:$R$21)) -> 3.8424869
A5: Arsenal | B5: =IFERROR((VLOOKUP($A5,'22-23'!$B:$L,6,FALSE)-VLOOKUP($A5,'22-23'!$B:$L,7,FALSE))/VLOOKUP($A5,'22-23'!$B:$L,2,FALSE),"") -> 1.1842105 | C5: =IFERROR((VLOOKUP($A5,'23-24 First 5'!$B:$L,6,FALSE)-VLOOKUP($A5,'23-24 First 5'!$B:$L,7,FALSE))/VLOOKUP($A5,'23-24 First 5'!$B:$L,2,FALSE),"") -> 1 | D5: =IFERROR((VLOOKUP($A5,'23-24 First 10'!$B:$L,6,FALSE)-VLOOKUP($A5,'23-24 First 10'!$B:$L,7,FALSE))/VLOOKUP($A5,'23-24 First 10'!$B:$L,2,FALSE),"") -> 1.5 | E5: =IFERROR((VLOOKUP($A5,'23-24 First 15'!$B:$L,6,FALSE)-VLOOKUP($A5,'23-24 First 15'!$B:$L,7,FALSE))/VLOOKUP($A5,'23-24 First 15'!$B:$L,2,FALSE),"") -> 1.2666667 | F5: =IFERROR((VLOOKUP($A5,'23-24 First 20'!$B:$L,6,FALSE)-VLOOKUP($A5,'23-24 First 20'!$B:$L,7,FALSE))/VLOOKUP($A5,'23-24 First 20'!$B:$L,2,FALSE),"") -> 0.85 | G5: 2 | H5: =IFERROR(RANK(B5,$B$2:$B$21,0),"") -> 2 | I5: =IFERROR(RANK(C5,$C$2:$C$21,0),"") -> 5 | J5: =IFERROR(RANK(D5,$D$2:$D$21,0),"") -> 1 | K5: =IFERROR(RANK(E5,$E$2:$E$21,0),"") -> 2 | L5: =IFERROR(RANK(F5,$F$2:$F$21,0),"") -> 3 | M5: =IFERROR(ABS(H5-$G5),"") -> 0 | N5: =IFERROR(ABS(I5-$G5),"") -> 3 | O5: =IFERROR(ABS(J5-$G5),"") -> 1 | P5: =IFERROR(ABS(K5-$G5),"") -> 0 | Q5: =IFERROR(ABS(L5-$G5),"") -> 1 | R5: =IFERROR(M5^2,"") -> 0 | S5: =IFERROR(N5^2,"") -> 9 | T5: =IFERROR(O5^2,"") -> 1 | U5: =IFERROR(P5^2,"") -> 0 | V5: =IFERROR(Q5^2,"") -> 1 | X5: 20 | Y5: =AVERAGE(Q$2:Q$21) -> 1.95 | Z5: =SQRT(AVERAGE(V$2:V$21)) -> 2.6739484 | AA5: =AVERAGE($M$2:$M$21) -> 3 | AB5: =SQRT(AVERAGE($R$2:$R$21)) -> 3.8424869
A6: Tottenham | B6: =IFERROR((VLOOKUP($A6,'22-23'!$B:$L,6,FALSE)-VLOOKUP($A6,'22-23'!$B:$L,7,FALSE))/VLOOKUP($A6,'22-23'!$B:$L,2,FALSE),"") -> 0.18421053 | C6: =IFERROR((VLOOKUP($A6,'23-24 First 5'!$B:$L,6,FALSE)-VLOOKUP($A6,'23-24 First 5'!$B:$L,7,FALSE))/VLOOKUP($A6,'23-24 First 5'!$B:$L,2,FALSE),"") -> 1.6 | D6: =IFERROR((VLOOKUP($A6,'23-24 First 10'!$B:$L,6,FALSE)-VLOOKUP($A6,'23-24 First 10'!$B:$L,7,FALSE))/VLOOKUP($A6,'23-24 First 10'!$B:$L,2,FALSE),"") -> 1.3 | E6: =IFERROR((VLOOKUP($A6,'23-24 First 15'!$B:$L,6,FALSE)-VLOOKUP($A6,'23-24 First 15'!$B:$L,7,FALSE))/VLOOKUP($A6,'23-24 First 15'!$B:$L,2,FALSE),"") -> 0.46666667 | F6: =IFERROR((VLOOKUP($A6,'23-24 First 20'!$B:$L,6,FALSE)-VLOOKUP($A6,'23-24 First 20'!$B:$L,7,FALSE))/VLOOKUP($A6,'23-24 First 20'!$B:$L,2,FALSE),"") -> 0.65 | G6: 5 | H6: =IFERROR(RANK(B6,$B$2:$B$21,0),"") -> 8 | I6: =IFERROR(RANK(C6,$C$2:$C$21,0),"") -> 2 | J6: =IFERROR(RANK(D6,$D$2:$D$21,0),"") -> 5 | K6: =IFERROR(RANK(E6,$E$2:$E$21,0),"") -> 6 | L6: =IFERROR(RANK(F6,$F$2:$F$21,0),"") -> 5 | M6: =IFERROR(ABS(H6-$G6),"") -> 3 | N6: =IFERROR(ABS(I6-$G6),"") -> 3 | O6: =IFERROR(ABS(J6-$G6),"") -> 0 | P6: =IFERROR(ABS(K6-$G6),"") -> 1 | Q6: =IFERROR(ABS(L6-$G6),"") -> 0 | R6: =IFERROR(M6^2,"") -> 9 | S6: =IFERROR(N6^2,"") -> 9 | T6: =IFERROR(O6^2,"") -> 0 | U6: =IFERROR(P6^2,"") -> 1 | V6: =IFERROR(Q6^2,"") -> 0
A7: West Ham | B7: =IFERROR((VLOOKUP($A7,'22-23'!$B:$L,6,FALSE)-VLOOKUP($A7,'22-23'!$B:$L,7,FALSE))/VLOOKUP($A7,'22-23'!$B:$L,2,FALSE),"") -> -0.34210526 | C7: =IFERROR((VLOOKUP($A7,'23-24 First 5'!$B:$L,6,FALSE)-VLOOKUP($A7,'23-24 First 5'!$B:$L,7,FALSE))/VLOOKUP($A7,'23-24 First 5'!$B:$L,2,FALSE),"") -> 0.6 | D7: =IFERROR((VLOOKUP($A7,'23-24 First 10'!$B:$L,6,FALSE)-VLOOKUP($A7,'23-24 First 10'!$B:$L,7,FALSE))/VLOOKUP($A7,'23-24 First 10'!$B:$L,2,FALSE),"") -> -0.1 | E7: =IFERROR((VLOOKUP($A7,'23-24 First 15'!$B:$L,6,FALSE)-VLOOKUP($A7,'23-24 First 15'!$B:$L,7,FALSE))/VLOOKUP($A7,'23-24 First 15'!$B:$L,2,FALSE),"") -> 0.066666667 | F7: =IFERROR((VLOOKUP($A7,'23-24 First 20'!$B:$L,6,FALSE)-VLOOKUP($A7,'23-24 First 20'!$B:$L,7,FALSE))/VLOOKUP($A7,'23-24 First 20'!$B:$L,2,FALSE),"") -> 0.15 | G7: 9 | H7: =IFERROR(RANK(B7,$B$2:$B$21,0),"") -> 13 | I7: =IFERROR(RANK(C7,$C$2:$C$21,0),"") -> 6 | J7: =IFERROR(RANK(D7,$D$2:$D$21,0),"") -> 10 | K7: =IFERROR(RANK(E7,$E$2:$E$21,0),"") -> 10 | L7: =IFERROR(RANK(F7,$F$2:$F$21,0),"") -> 8 | M7: =IFERROR(ABS(H7-$G7),"") -> 4 | N7: =IFERROR(ABS(I7-$G7),"") -> 3 | O7: =IFERROR(ABS(J7-$G7),"") -> 1 | P7: =IFERROR(ABS(K7-$G7),"") -> 1 | Q7: =IFERROR(ABS(L7-$G7),"") -> 1 | R7: =IFERROR(M7^2,"") -> 16 | S7: =IFERROR(N7^2,"") -> 9 | T7: =IFERROR(O7^2,"") -> 1 | U7: =IFERROR(P7^2,"") -> 1 | V7: =IFERROR(Q7^2,"") -> 1
A8: Brighton | B8: =IFERROR((VLOOKUP($A8,'22-23'!$B:$L,6,FALSE)-VLOOKUP($A8,'22-23'!$B:$L,7,FALSE))/VLOOKUP($A8,'22-23'!$B:$L,2,FALSE),"") -> 0.5 | C8: =IFERROR((VLOOKUP($A8,'23-24 First 5'!$B:$L,6,FALSE)-VLOOKUP($A8,'23-24 First 5'!$B:$L,7,FALSE))/VLOOKUP($A8,'23-24 First 5'!$B:$L,2,FALSE),"") -> 1.6 | D8: =IFERROR((VLOOKUP($A8,'23-24 First 10'!$B:$L,6,FALSE)-VLOOKUP($A8,'23-24 First 10'!$B:$L,7,FALSE))/VLOOKUP($A8,'23-24 First 10'!$B:$L,2,FALSE),"") -> 0.4 | E8: =IFERROR((VLOOKUP($A8,'23-24 First 15'!$B:$L,6,FALSE)-VLOOKUP($A8,'23-24 First 15'!$B:$L,7,FALSE))/VLOOKUP($A8,'23-24 First 15'!$B:$L,2,FALSE),"") -> 0.33333333 | F8: =IFERROR((VLOOKUP($A8,'23-24 First 20'!$B:$L,6,FALSE)-VLOOKUP($A8,'23-24 First 20'!$B:$L,7,FALSE))/VLOOKUP($A8,'23-24 First 20'!$B:$L,2,FALSE),"") -> 0.25 | G8: 11 | H8: =IFERROR(RANK(B8,$B$2:$B$21,0),"") -> 5 | I8: =IFERROR(RANK(C8,$C$2:$C$21,0),"") -> 2 | J8: =IFERROR(RANK(D8,$D$2:$D$21,0),"") -> 7 | K8: =IFERROR(RANK(E8,$E$2:$E$21,0),"") -> 7 | L8: =IFERROR(RANK(F8,$F$2:$F$21,0),"") -> 7 | M8: =IFERROR(ABS(H8-$G8),"") -> 6 | N8: =IFERROR(ABS(I8-$G8),"") -> 9 | O8: =IFERROR(ABS(J8-$G8),"") -> 4 | P8: =IFERROR(ABS(K8-$G8),"") -> 4 | Q8: =IFERROR(ABS(L8-$G8),"") -> 4 | R8: =IFERROR(M8^2,"") -> 36 | S8: =IFERROR(N8^2,"") -> 81 | T8: =IFERROR(O8^2,"") -> 16 | U8: =IFERROR(P8^2,"") -> 16 | V8: =IFERROR(Q8^2,"") -> 16
A9: Manchester United | B9: =IFERROR((VLOOKUP($A9,'22-23'!$B:$L,6,FALSE)-VLOOKUP($A9,'22-23'!$B:$L,7,FALSE))/VLOOKUP($A9,'22-23'!$B:$L,2,FALSE),"") -> 0.39473684 | C9: =IFERROR((VLOOKUP($A9,'23-24 First 5'!$B:$L,6,FALSE)-VLOOKUP($A9,'23-24 First 5'!$B:$L,7,FALSE))/VLOOKUP($A9,'23-24 First 5'!$B:$L,2,FALSE),"") -> -0.8 | D9: =IFERROR((VLOOKUP($A9,'23-24 First 10'!$B:$L,6,FALSE)-VLOOKUP($A9,'23-24 First 10'!$B:$L,7,FALSE))/VLOOKUP($A9,'23-24 First 10'!$B:$L,2,FALSE),"") -> -0.5 | E9: =IFERROR((VLOOKUP($A9,'23-24 First 15'!$B:$L,6,FALSE)-VLOOKUP($A9,'23-24 First 15'!$B:$L,7,FALSE))/VLOOKUP($A9,'23-24 First 15'!$B:$L,2,FALSE),"") -> 0 | F9: =IFERROR((VLOOKUP($A9,'23-24 First 20'!$B:$L,6,FALSE)-VLOOKUP($A9,'23-24 First 20'!$B:$L,7,FALSE))/VLOOKUP($A9,'23-24 First 20'!$B:$L,2,FALSE),"") -> -0.25 | G9: 8 | H9: =IFERROR(RANK(B9,$B$2:$B$21,0),"") -> 6 | I9: =IFERROR(RANK(C9,$C$2:$C$21,0),"") -> 13 | J9: =IFERROR(RANK(D9,$D$2:$D$21,0),"") -> 13 | K9: =IFERROR(RANK(E9,$E$2:$E$21,0),"") -> 11 | L9: =IFERROR(RANK(F9,$F$2:$F$21,0),"") -> 13 | M9: =IFERROR(ABS(H9-$G9),"") -> 2 | N9: =IFERROR(ABS(I9-$G9),"") -> 5 | O9: =IFERROR(ABS(J9-$G9),"") -> 5 | P9: =IFERROR(ABS(K9-$G9),"") -> 3 | Q9: =IFERROR(ABS(L9-$G9),"") -> 5 | R9: =IFERROR(M9^2,"") -> 4 | S9: =IFERROR(N9^2,"") -> 25 | T9: =IFERROR(O9^2,"") -> 25 | U9: =IFERROR(P9^2,"") -> 9 | V9: =IFERROR(Q9^2,"") -> 25
A10: Newcastle United | B10: =IFERROR((VLOOKUP($A10,'22-23'!$B:$L,6,FALSE)-VLOOKUP($A10,'22-23'!$B:$L,7,FALSE))/VLOOKUP($A10,'22-23'!$B:$L,2,FALSE),"") -> 0.92105263 | C10: =IFERROR((VLOOKUP($A10,'23-24 First 5'!$B:$L,6,FALSE)-VLOOKUP($A10,'23-24 First 5'!$B:$L,7,FALSE))/VLOOKUP($A10,'23-24 First 5'!$B:$L,2,FALSE),"") -> 0.2 | D10: =IFERROR((VLOOKUP($A10,'23-24 First 10'!$B:$L,6,FALSE)-VLOOKUP($A10,'23-24 First 10'!$B:$L,7,FALSE))/VLOOKUP($A10,'23-24 First 10'!$B:$L,2,FALSE),"") -> 1.5 | E10: =IFERROR((VLOOKUP($A10,'23-24 First 15'!$B:$L,6,FALSE)-VLOOKUP($A10,'23-24 First 15'!$B:$L,7,FALSE))/VLOOKUP($A10,'23-24 First 15'!$B:$L,2,FALSE),"") -> 1 | F10: =IFERROR((VLOOKUP($A10,'23-24 First 20'!$B:$L,6,FALSE)-VLOOKUP($A10,'23-24 First 20'!$B:$L,7,FALSE))/VLOOKUP($A10,'23-24 First 20'!$B:$L,2,FALSE),"") -> 0.5 | G10: 7 | H10: =IFERROR(RANK(B10,$B$2:$B$21,0),"") -> 3 | I10: =IFERROR(RANK(C10,$C$2:$C$21,0),"") -> 8 | J10: =IFERROR(RANK(D10,$D$2:$D$21,0),"") -> 1 | K10: =IFERROR(RANK(E10,$E$2:$E$21,0),"") -> 4 | L10: =IFERROR(RANK(F10,$F$2:$F$21,0),"") -> 6 | M10: =IFERROR(ABS(H10-$G10),"") -> 4 | N10: =IFERROR(ABS(I10-$G10),"") -> 1 | O10: =IFERROR(ABS(J10-$G10),"") -> 6 | P10: =IFERROR(ABS(K10-$G10),"") -> 3 | Q10: =IFERROR(ABS(L10-$G10),"") -> 1 | R10: =IFERROR(M10^2,"") -> 16 | S10: =IFERROR(N10^2,"") -> 1 | T10: =IFERROR(O10^2,"") -> 36 | U10: =IFERROR(P10^2,"") -> 9 | V10: =IFERROR(Q10^2,"") -> 1
A11: Chelsea | B11: =IFERROR((VLOOKUP($A11,'22-23'!$B:$L,6,FALSE)-VLOOKUP($A11,'22-23'!$B:$L,7,FALSE))/VLOOKUP($A11,'22-23'!$B:$L,2,FALSE),"") -> -0.23684211 | C11: =IFERROR((VLOOKUP($A11,'23-24 First 5'!$B:$L,6,FALSE)-VLOOKUP($A11,'23-24 First 5'!$B:$L,7,FALSE))/VLOOKUP($A11,'23-24 First 5'!$B:$L,2,FALSE),"") -> 0 | D11: =IFERROR((VLOOKUP($A11,'23-24 First 10'!$B:$L,6,FALSE)-VLOOKUP($A11,'23-24 First 10'!$B:$L,7,FALSE))/VLOOKUP($A11,'23-24 First 10'!$B:$L,2,FALSE),"") -> 0.2 | E11: =IFERROR((VLOOKUP($A11,'23-24 First 15'!$B:$L,6,FALSE)-VLOOKUP($A11,'23-24 First 15'!$B:$L,7,FALSE))/VLOOKUP($A11,'23-24 First 15'!$B:$L,2,FALSE),"") -> 0.13333333 | F11: =IFERROR((VLOOKUP($A11,'23-24 First 20'!$B:$L,6,FALSE)-VLOOKUP($A11,'23-24 First 20'!$B:$L,7,FALSE))/VLOOKUP($A11,'23-24 First 20'!$B:$L,2,FALSE),"") -> 0.15 | G11: 6 | H11: =IFERROR(RANK(B11,$B$2:$B$21,0),"") -> 11 | I11: =IFERROR(RANK(C11,$C$2:$C$21,0),"") -> 10 | J11: =IFERROR(RANK(D11,$D$2:$D$21,0),"") -> 9 | K11: =IFERROR(RANK(E11,$E$2:$E$21,0),"") -> 8 | L11: =IFERROR(RANK(F11,$F$2:$F$21,0),"") -> 8 | M11: =IFERROR(ABS(H11-$G11),"") -> 5 | N11: =IFERROR(ABS(I11-$G11),"") -> 4 | O11: =IFERROR(ABS(J11-$G11),"") -> 3 | P11: =IFERROR(ABS(K11-$G11),"") -> 2 | Q11: =IFERROR(ABS(L11-$G11),"") -> 2 | R11: =IFERROR(M11^2,"") -> 25 | S11: =IFERROR(N11^2,"") -> 16 | T11: =IFERROR(O11^2,"") -> 9 | U11: =IFERROR(P11^2,"") -> 4 | V11: =IFERROR(Q11^2,"") -> 4
A12: Wolverhampton Wanderers | B12: =IFERROR((VLOOKUP($A12,'22-23'!$B:$L,6,FALSE)-VLOOKUP($A12,'22-23'!$B:$L,7,FALSE))/VLOOKUP($A12,'22-23'!$B:$L,2,FALSE),"") -> -0.71052632 | C12: =IFERROR((VLOOKUP($A12,'23-24 First 5'!$B:$L,6,FALSE)-VLOOKUP($A12,'23-24 First 5'!$B:$L,7,FALSE))/VLOOKUP($A12,'23-24 First 5'!$B:$L,2,FALSE),"") -> -1.2 | D12: =IFERROR((VLOOKUP($A12,'23-24 First 10'!$B:$L,6,FALSE)-VLOOKUP($A12,'23-24 First 10'!$B:$L,7,FALSE))/VLOOKUP($A12,'23-24 First 10'!$B:$L,2,FALSE),"") -> -0.4 | E12: =IFERROR((VLOOKUP($A12,'23-24 First 15'!$B:$L,6,FALSE)-VLOOKUP($A12,'23-24 First 15'!$B:$L,7,FALSE))/VLOOKUP($A12,'23-24 First 15'!$B:$L,2,FALSE),"") -> -0.33333333 | F12: =IFERROR((VLOOKUP($A12,'23-24 First 20'!$B:$L,6,FALSE)-VLOOKUP($A12,'23-24 First 20'!$B:$L,7,FALSE))/VLOOKUP($A12,'23-24 First 20'!$B:$L,2,FALSE),"") -> -0.05 | G12: 14 | H12: =IFERROR(RANK(B12,$B$2:$B$21,0),"") -> 15 | I12: =IFERROR(RANK(C12,$C$2:$C$21,0),"") -> 17 | J12: =IFERROR(RANK(D12,$D$2:$D$21,0),"") -> 11 | K12: =IFERROR(RANK(E12,$E$2:$E$21,0),"") -> 13 | L12: =IFERROR(RANK(F12,$F$2:$F$21,0),"") -> 10 | M12: =IFERROR(ABS(H12-$G12),"") -> 1 | N12: =IFERROR(ABS(I12-$G12),"") -> 3 | O12: =IFERROR(ABS(J12-$G12),"") -> 3 | P12: =IFERROR(ABS(K12-$G12),"") -> 1 | Q12: =IFERROR(ABS(L12-$G12),"") -> 4 | R12: =IFERROR(M12^2,"") -> 1 | S12: =IFERROR(N12^2,"") -> 9 | T12: =IFERROR(O12^2,"") -> 9 | U12: =IFERROR(P12^2,"") -> 1 | V12: =IFERROR(Q12^2,"") -> 16
A13: Everton | B13: =IFERROR((VLOOKUP($A13,'22-23'!$B:$L,6,FALSE)-VLOOKUP($A13,'22-23'!$B:$L,7,FALSE))/VLOOKUP($A13,'22-23'!$B:$L,2,FALSE),"") -> -0.60526316 | C13: =IFERROR((VLOOKUP($A13,'23-24 First 5'!$B:$L,6,FALSE)-VLOOKUP($A13,'23-24 First 5'!$B:$L,7,FALSE))/VLOOKUP($A13,'23-24 First 5'!$B:$L,2,FALSE),"") -> -1.4 | D13: =IFERROR((VLOOKUP($A13,'23-24 First 10'!$B:$L,6,FALSE)-VLOOKUP($A13,'23-24 First 10'!$B:$L,7,FALSE))/VLOOKUP($A13,'23-24 First 10'!$B:$L,2,FALSE),"") -> -0.4 | E13: =IFERROR((VLOOKUP($A13,'23-24 First 15'!$B:$L,6,FALSE)-VLOOKUP($A13,'23-24 First 15'!$B:$L,7,FALSE))/VLOOKUP($A13,'23-24 First 15'!$B:$L,2,FALSE),"") -> -0.13333333 | F13: =IFERROR((VLOOKUP($A13,'23-24 First 20'!$B:$L,6,FALSE)-VLOOKUP($A13,'23-24 First 20'!$B:$L,7,FALSE))/VLOOKUP($A13,'23-24 First 20'!$B:$L,2,FALSE),"") -> -0.2 | G13: 15 | H13: =IFERROR(RANK(B13,$B$2:$B$21,0),"") -> 14 | I13: =IFERROR(RANK(C13,$C$2:$C$21,0),"") -> 18 | J13: =IFERROR(RANK(D13,$D$2:$D$21,0),"") -> 11 | K13: =IFERROR(RANK(E13,$E$2:$E$21,0),"") -> 12 | L13: =IFERROR(RANK(F13,$F$2:$F$21,0),"") -> 11 | M13: =IFERROR(ABS(H13-$G13),"") -> 1 | N13: =IFERROR(ABS(I13-$G13),"") -> 3 | O13: =IFERROR(ABS(J13-$G13),"") -> 4 | P13: =IFERROR(ABS(K13-$G13),"") -> 3 | Q13: =IFERROR(ABS(L13-$G13),"") -> 4 | R13: =IFERROR(M13^2,"") -> 1 | S13: =IFERROR(N13^2,"") -> 9 | T13: =IFERROR(O13^2,"") -> 16 | U13: =IFERROR(P13^2,"") -> 9 | V13: =IFERROR(Q13^2,"") -> 16
A14: Bournemouth | B14: =IFERROR((VLOOKUP($A14,'22-23'!$B:$L,6,FALSE)-VLOOKUP($A14,'22-23'!$B:$L,7,FALSE))/VLOOKUP($A14,'22-23'!$B:$L,2,FALSE),"") -> -0.89473684 | C14: =IFERROR((VLOOKUP($A14,'23-24 First 5'!$B:$L,6,FALSE)-VLOOKUP($A14,'23-24 First 5'!$B:$L,7,FALSE))/VLOOKUP($A14,'23-24 First 5'!$B:$L,2,FALSE),"") -> -0.8 | D14: =IFERROR((VLOOKUP($A14,'23-24 First 10'!$B:$L,6,FALSE)-VLOOKUP($A14,'23-24 First 10'!$B:$L,7,FALSE))/VLOOKUP($A14,'23-24 First 10'!$B:$L,2,FALSE),"") -> -1.3 | E14: =IFERROR((VLOOKUP($A14,'23-24 First 15'!$B:$L,6,FALSE)-VLOOKUP($A14,'23-24 First 15'!$B:$L,7,FALSE))/VLOOKUP($A14,'23-24 First 15'!$B:$L,2,FALSE),"") -> -0.8 | F14: =IFERROR((VLOOKUP($A14,'23-24 First 20'!$B:$L,6,FALSE)-VLOOKUP($A14,'23-24 First 20'!$B:$L,7,FALSE))/VLOOKUP($A14,'23-24 First 20'!$B:$L,2,FALSE),"") -> -0.55 | G14: 12 | H14: =IFERROR(RANK(B14,$B$2:$B$21,0),"") -> 17 | I14: =IFERROR(RANK(C14,$C$2:$C$21,0),"") -> 13 | J14: =IFERROR(RANK(D14,$D$2:$D$21,0),"") -> 18 | K14: =IFERROR(RANK(E14,$E$2:$E$21,0),"") -> 17 | L14: =IFERROR(RANK(F14,$F$2:$F$21,0),"") -> 16 | M14: =IFERROR(ABS(H14-$G14),"") -> 5 | N14: =IFERROR(ABS(I14-$G14),"") -> 1 | O14: =IFERROR(ABS(J14-$G14),"") -> 6 | P14: =IFERROR(ABS(K14-$G14),"") -> 5 | Q14: =IFERROR(ABS(L14-$G14),"") -> 4 | R14: =IFERROR(M14^2,"") -> 25 | S14: =IFERROR(N14^2,"") -> 1 | T14: =IFERROR(O14^2,"") -> 36 | U14: =IFERROR(P14^2,"") -> 25 | V14: =IFERROR(Q14^2,"") -> 16
A15: Fulham | B15: =IFERROR((VLOOKUP($A15,'22-23'!$B:$L,6,FALSE)-VLOOKUP($A15,'22-23'!$B:$L,7,FALSE))/VLOOKUP($A15,'22-23'!$B:$L,2,FALSE),"") -> 0.052631579 | C15: =IFERROR((VLOOKUP($A15,'23-24 First 5'!$B:$L,6,FALSE)-VLOOKUP($A15,'23-24 First 5'!$B:$L,7,FALSE))/VLOOKUP($A15,'23-24 First 5'!$B:$L,2,FALSE),"") -> -1 | D15: =IFERROR((VLOOKUP($A15,'23-24 First 10'!$B:$L,6,FALSE)-VLOOKUP($A15,'23-24 First 10'!$B:$L,7,FALSE))/VLOOKUP($A15,'23-24 First 10'!$B:$L,2,FALSE),"") -> -0.7 | E15: =IFERROR((VLOOKUP($A15,'23-24 First 15'!$B:$L,6,FALSE)-VLOOKUP($A15,'23-24 First 15'!$B:$L,7,FALSE))/VLOOKUP($A15,'23-24 First 15'!$B:$L,2,FALSE),"") -> -0.33333333 | F15: =IFERROR((VLOOKUP($A15,'23-24 First 20'!$B:$L,6,FALSE)-VLOOKUP($A15,'23-24 First 20'!$B:$L,7,FALSE))/VLOOKUP($A15,'23-24 First 20'!$B:$L,2,FALSE),"") -> -0.35 | G15: 13 | H15: =IFERROR(RANK(B15,$B$2:$B$21,0),"") -> 10 | I15: =IFERROR(RANK(C15,$C$2:$C$21,0),"") -> 16 | J15: =IFERROR(RANK(D15,$D$2:$D$21,0),"") -> 16 | K15: =IFERROR(RANK(E15,$E$2:$E$21,0),"") -> 13 | L15: =IFERROR(RANK(F15,$F$2:$F$21,0),"") -> 14 | M15: =IFERROR(ABS(H15-$G15),"") -> 3 | N15: =IFERROR(ABS(I15-$G15),"") -> 3 | O15: =IFERROR(ABS(J15-$G15),"") -> 3 | P15: =IFERROR(ABS(K15-$G15),"") -> 0 | Q15: =IFERROR(ABS(L15-$G15),"") -> 1 | R15: =IFERROR(M15^2,"") -> 9 | S15: =IFERROR(N15^2,"") -> 9 | T15: =IFERROR(O15^2,"") -> 9 | U15: =IFERROR(P15^2,"") -> 0 | V15: =IFERROR(Q15^2,"") -> 1
A16: Crystal Palace | B16: =IFERROR((VLOOKUP($A16,'22-23'!$B:$L,6,FALSE)-VLOOKUP($A16,'22-23'!$B:$L,7,FALSE))/VLOOKUP($A16,'22-23'!$B:$L,2,FALSE),"") -> -0.23684211 | C16: =IFERROR((VLOOKUP($A16,'23-24 First 5'!$B:$L,6,FALSE)-VLOOKUP($A16,'23-24 First 5'!$B:$L,7,FALSE))/VLOOKUP($A16,'23-24 First 5'!$B:$L,2,FALSE),"") -> -0.2 | D16: =IFERROR((VLOOKUP($A16,'23-24 First 10'!$B:$L,6,FALSE)-VLOOKUP($A16,'23-24 First 10'!$B:$L,7,FALSE))/VLOOKUP($A16,'23-24 First 10'!$B:$L,2,FALSE),"") -> -0.5 | E16: =IFERROR((VLOOKUP($A16,'23-24 First 15'!$B:$L,6,FALSE)-VLOOKUP($A16,'23-24 First 15'!$B:$L,7,FALSE))/VLOOKUP($A16,'23-24 First 15'!$B:$L,2,FALSE),"") -> -0.46666667 | F16: =IFERROR((VLOOKUP($A16,'23-24 First 20'!$B:$L,6,FALSE)-VLOOKUP($A16,'23-24 First 20'!$B:$L,7,FALSE))/VLOOKUP($A16,'23-24 First 20'!$B:$L,2,FALSE),"") -> -0.35 | G16: 10 | H16: =IFERROR(RANK(B16,$B$2:$B$21,0),"") -> 11 | I16: =IFERROR(RANK(C16,$C$2:$C$21,0),"") -> 12 | J16: =IFERROR(RANK(D16,$D$2:$D$21,0),"") -> 13 | K16: =IFERROR(RANK(E16,$E$2:$E$21,0),"") -> 15 | L16: =IFERROR(RANK(F16,$F$2:$F$21,0),"") -> 14 | M16: =IFERROR(ABS(H16-$G16),"") -> 1 | N16: =IFERROR(ABS(I16-$G16),"") -> 2 | O16: =IFERROR(ABS(J16-$G16),"") -> 3 | P16: =IFERROR(ABS(K16-$G16),"") -> 5 | Q16: =IFERROR(ABS(L16-$G16),"") -> 4 | R16: =IFERROR(M16^2,"") -> 1 | S16: =IFERROR(N16^2,"") -> 4 | T16: =IFERROR(O16^2,"") -> 9 | U16: =IFERROR(P16^2,"") -> 25 | V16: =IFERROR(Q16^2,"") -> 16
A17: Nottingham Forest | B17: =IFERROR((VLOOKUP($A17,'22-23'!$B:$L,6,FALSE)-VLOOKUP($A17,'22-23'!$B:$L,7,FALSE))/VLOOKUP($A17,'22-23'!$B:$L,2,FALSE),"") -> -0.78947368 | C17: =IFERROR((VLOOKUP($A17,'23-24 First 5'!$B:$L,6,FALSE)-VLOOKUP($A17,'23-24 First 5'!$B:$L,7,FALSE))/VLOOKUP($A17,'23-24 First 5'!$B:$L,2,FALSE),"") -> 0 | D17: =IFERROR((VLOOKUP($A17,'23-24 First 10'!$B:$L,6,FALSE)-VLOOKUP($A17,'23-24 First 10'!$B:$L,7,FALSE))/VLOOKUP($A17,'23-24 First 10'!$B:$L,2,FALSE),"") -> -0.5 | E17: =IFERROR((VLOOKUP($A17,'23-24 First 15'!$B:$L,6,FALSE)-VLOOKUP($A17,'23-24 First 15'!$B:$L,7,FALSE))/VLOOKUP($A17,'23-24 First 15'!$B:$L,2,FALSE),"") -> -0.73333333 | F17: =IFERROR((VLOOKUP($A17,'23-24 First 20'!$B:$L,6,FALSE)-VLOOKUP($A17,'23-24 First 20'!$B:$L,7,FALSE))/VLOOKUP($A17,'23-24 First 20'!$B:$L,2,FALSE),"") -> -0.55 | G17: 17 | H17: =IFERROR(RANK(B17,$B$2:$B$21,0),"") -> 16 | I17: =IFERROR(RANK(C17,$C$2:$C$21,0),"") -> 10 | J17: =IFERROR(RANK(D17,$D$2:$D$21,0),"") -> 13 | K17: =IFERROR(RANK(E17,$E$2:$E$21,0),"") -> 16 | L17: =IFERROR(RANK(F17,$F$2:$F$21,0),"") -> 16 | M17: =IFERROR(ABS(H17-$G17),"") -> 1 | N17: =IFERROR(ABS(I17-$G17),"") -> 7 | O17: =IFERROR(ABS(J17-$G17),"") -> 4 | P17: =IFERROR(ABS(K17-$G17),"") -> 1 | Q17: =IFERROR(ABS(L17-$G17),"") -> 1 | R17: =IFERROR(M17^2,"") -> 1 | S17: =IFERROR(N17^2,"") -> 49 | T17: =IFERROR(O17^2,"") -> 16 | U17: =IFERROR(P17^2,"") -> 1 | V17: =IFERROR(Q17^2,"") -> 1
... A21: Sheffield United | B21: =IFERROR((VLOOKUP($A21,'22-23'!$B:$L,6,FALSE)-VLOOKUP($A21,'22-23'!$B:$L,7,FALSE))/VLOOKUP($A21,'22-23'!$B:$L,2,FALSE),"") | C21: =IFERROR((VLOOKUP($A21,'23-24 First 5'!$B:$L,6,FALSE)-VLOOKUP($A21,'23-24 First 5'!$B:$L,7,FALSE))/VLOOKUP($A21,'23-24 First 5'!$B:$L,2,FALSE),"") -> -0.8 | D21: =IFERROR((VLOOKUP($A21,'23-24 First 10'!$B:$L,6,FALSE)-VLOOKUP($A21,'23-24 First 10'!$B:$L,7,FALSE))/VLOOKUP($A21,'23-24 First 10'!$B:$L,2,FALSE),"") -> -2.2 | E21: =IFERROR((VLOOKUP($A21,'23-24 First 15'!$B:$L,6,FALSE)-VLOOKUP($A21,'23-24 First 15'!$B:$L,7,FALSE))/VLOOKUP($A21,'23-24 First 15'!$B:$L,2,FALSE),"") -> -2 | F21: =IFERROR((VLOOKUP($A21,'23-24 First 20'!$B:$L,6,FALSE)-VLOOKUP($A21,'23-24 First 20'!$B:$L,7,FALSE))/VLOOKUP($A21,'23-24 First 20'!$B:$L,2,FALSE),"") -> -1.7 | G21: 20 | H21: =IFERROR(RANK(B21,$B$2:$B$21,0),"") | I21: =IFERROR(RANK(C21,$C$2:$C$21,0),"") -> 13 | J21: =IFERROR(RANK(D21,$D$2:$D$21,0),"") -> 20 | K21: =IFERROR(RANK(E21,$E$2:$E$21,0),"") -> 20 | L21: =IFERROR(RANK(F21,$F$2:$F$21,0),"") -> 20 | M21: =IFERROR(ABS(H21-$G21),"") | N21: =IFERROR(ABS(I21-$G21),"") -> 7 | O21: =IFERROR(ABS(J21-$G21),"") -> 0 | P21: =IFERROR(ABS(K21-$G21),"") -> 0 | Q21: =IFERROR(ABS(L21-$G21),"") -> 0 | R21: =IFERROR(M21^2,"") | S21: =IFERROR(N21^2,"") -> 49 | T21: =IFERROR(O21^2,"") -> 0 | U21: =IFERROR(P21^2,"") -> 0 | V21: =IFERROR(Q21^2,"") -> 0
